index,features,n_features_in_,n_components,optimum_tr,auc_val,f1_val,prec_val,rec_val,auc_train,f1_train,prec_train,rec_train
0,"['V14', 'V17', 'V10']",3,5,-14.874143403753811,0.9798539669978604,"(0.7761194029850748,)","(0.7428571428571429,)","(0.8125,)",0.9603279725728904,"(0.7053701015965167,)","(0.6639344262295082,)","(0.7523219814241486,)"
1,"['V14', 'V17', 'V10', 'V16', 'V11']",5,5,-21.783244428442522,0.9758219393886105,"(0.6444444444444444,)","(0.6904761904761905,)","(0.6041666666666666,)",0.956056354016687,"(0.5509181969949918,)","(0.5978260869565217,)","(0.5108359133126935,)"
2,"['V2', 'V12', 'V19', 'V9', 'V27', 'V21', 'V28', 'V24']",8,1,-152.525624681923,0.9305713092411854,"(0.16037735849056603,)","(0.14655172413793102,)","(0.17708333333333334,)",0.9159370041471938,"(0.1515601783060921,)","(0.1457142857142857,)","(0.15789473684210525,)"
3,"['V2', 'V10', 'V19', 'V22', 'V17', 'V3']",6,1,-128.6426910548402,0.9686911984524751,"(0.5000000000000001,)","(0.65,)","(0.40625,)",0.95280784251851,"(0.42447418738049714,)","(0.555,)","(0.34365325077399383,)"
4,"['V15', 'V4', 'V18', 'V6', 'V5', 'V21', 'V1', 'V3']",8,4,-64.92878794675791,0.949783112049005,"(0.3661971830985915,)","(0.5652173913043478,)","(0.2708333333333333,)",0.936632816459603,"(0.3083700440528634,)","(0.5343511450381679,)","(0.21671826625386997,)"
5,"['V2', 'V23', 'V16', 'V7', 'V10', 'V22', 'V28', 'V26']",8,5,-34.997540964199594,0.9365699830006743,"(0.37288135593220334,)","(0.4074074074074074,)","(0.34375,)",0.9346775545003869,"(0.3253424657534247,)","(0.36398467432950193,)","(0.29411764705882354,)"
6,"['V25', 'V12', 'V10', 'V11', 'V20', 'V26']",6,4,-26.677831493920323,0.9514757173422432,"(0.5560975609756098,)","(0.5229357798165137,)","(0.59375,)",0.9419857085664718,"(0.5069984447900467,)","(0.509375,)","(0.5046439628482973,)"
7,"['V14', 'V23', 'V4', 'V13', 'V5', 'V27', 'V22']",7,4,-29.70451917291756,0.9669753289955744,"(0.4365482233502538,)","(0.42574257425742573,)","(0.4479166666666667,)",0.9526140770652083,"(0.36746987951807225,)","(0.35777126099706746,)","(0.37770897832817335,)"
8,"['V2', 'V12', 'V20', 'V27', 'V21', 'V3']",6,6,-25.131242196030097,0.9333371801635452,"(0.40163934426229514,)","(0.3310810810810811,)","(0.5104166666666666,)",0.938203378772946,"(0.3715012722646311,)","(0.31533477321814257,)","(0.4520123839009288,)"
9,"['V2', 'V25', 'V10', 'V28', 'V27', 'V17']",6,6,-28.603717870853885,0.9659579339957208,"(0.5185185185185185,)","(0.6363636363636364,)","(0.4375,)",0.950788768298216,"(0.4316831683168317,)","(0.5989010989010989,)","(0.33746130030959753,)"
10,"['V25', 'V16', 'V7', 'V5', 'V27', 'V17', 'V26']",7,4,-45.06755832280857,0.9558473651044872,"(0.5153374233128833,)","(0.6268656716417911,)","(0.4375,)",0.9427672873052652,"(0.46,)","(0.6497175141242938,)","(0.3560371517027864,)"
11,"['V19', 'V9', 'V27', 'V22', 'V26']",5,7,-16.78400958223867,0.8965874952372579,"(0.15833333333333333,)","(0.13194444444444445,)","(0.19791666666666666,)",0.8799722027156547,"(0.14500683994528046,)","(0.12990196078431374,)","(0.16408668730650156,)"
12,"['V25', 'V13', 'V5', 'V21', 'V22', 'V1']",6,1,-119.62234811462042,0.8059832864386411,"(0.13131313131313133,)","(0.12745098039215685,)","(0.13541666666666666,)",0.7901378242645847,"(0.0626086956521739,)","(0.07142857142857142,)","(0.05572755417956656,)"
13,"['V14', 'V25', 'V7', 'V18', 'V21', 'V28', 'V24']",7,2,-38.3549270033808,0.9548471892493918,"(0.44660194174757284,)","(0.41818181818181815,)","(0.4791666666666667,)",0.9545055435163685,"(0.3771251931993817,)","(0.3765432098765432,)","(0.37770897832817335,)"
14,"['V14', 'V25', 'V23', 'V10', 'V9', 'V28', 'V24', 'V26']",8,1,-71.38041838221226,0.9575784386998446,"(0.2824207492795389,)","(0.1952191235059761,)","(0.5104166666666666,)",0.9390252317768039,"(0.25528007346189163,)","(0.1814621409921671,)","(0.43034055727554177,)"
15,"['V8', 'V2', 'V15', 'V23', 'V12', 'V10', 'V18', 'V17']",8,1,-186.20524086671804,0.9682059482986018,"(0.42931937172774876,)","(0.43157894736842106,)","(0.4270833333333333,)",0.948870631035915,"(0.3512195121951219,)","(0.3698630136986301,)","(0.33436532507739936,)"
16,"['V8', 'V15', 'V25', 'V9', 'V27', 'V3']",6,1,-153.30957460364408,0.8951018860458982,"(0.18421052631578946,)","(0.25,)","(0.14583333333333334,)",0.8787142350411805,"(0.12236286919831224,)","(0.19205298013245034,)","(0.08978328173374613,)"
17,"['V23', 'V12', 'V20', 'V9', 'V27', 'V22', 'V3']",7,2,-40.50335641666474,0.9175193806969724,"(0.405940594059406,)","(0.3867924528301887,)","(0.4270833333333333,)",0.921659618698202,"(0.36,)","(0.33421750663129973,)","(0.39009287925696595,)"
18,"['V12', 'V18', 'V9', 'V27', 'V21', 'V3', 'V24', 'V26']",8,2,-43.608928862487154,0.9221861352911868,"(0.47953216374269003,)","(0.5466666666666666,)","(0.4270833333333333,)",0.9164481891097214,"(0.4306049822064057,)","(0.5062761506276151,)","(0.3746130030959752,)"
19,"['V2', 'V15', 'V12', 'V19', 'V18', 'V13', 'V26']",7,1,-39.36366787113523,0.946817755502799,"(0.408,)","(0.33116883116883117,)","(0.53125,)",0.9291402451265333,"(0.3754693366708385,)","(0.31512605042016806,)","(0.46439628482972134,)"
20,"['V15', 'V25', 'V23', 'V7', 'V4', 'V18', 'V3', 'V26']",8,2,-57.35269906250814,0.9430500600838242,"(0.3466666666666667,)","(0.48148148148148145,)","(0.2708333333333333,)",0.9314339683906996,"(0.30701754385964913,)","(0.5263157894736842,)","(0.21671826625386997,)"
21,"['V8', 'V15', 'V23', 'V10', 'V7', 'V21', 'V28']",7,4,-29.485823353016364,0.9176728875406664,"(0.2363636363636364,)","(0.20967741935483872,)","(0.2708333333333333,)",0.9169906854705043,"(0.2023121387283237,)","(0.1897018970189702,)","(0.21671826625386997,)"
22,"['V8', 'V25', 'V7', 'V11', 'V1']",5,5,-17.854747671626416,0.9060525293824555,"(0.3793103448275862,)","(0.28350515463917525,)","(0.5729166666666666,)",0.9069216501197347,"(0.3281733746130031,)","(0.24613003095975233,)","(0.49226006191950467,)"
23,"['V15', 'V23', 'V7', 'V19', 'V18', 'V13', 'V22']",7,3,-27.102577124486466,0.9135382777924324,"(0.31818181818181823,)","(0.35,)","(0.2916666666666667,)",0.9124891316863426,"(0.2698961937716263,)","(0.3058823529411765,)","(0.24148606811145512,)"
24,"['V23', 'V16', 'V4', 'V19', 'V11', 'V22', 'V26']",7,2,-29.940266134957984,0.966238203054017,"(0.44549763033175355,)","(0.40869565217391307,)","(0.4895833333333333,)",0.9479147706084914,"(0.38748137108792846,)","(0.3735632183908046,)","(0.4024767801857585,)"
25,"['V8', 'V23', 'V19', 'V17', 'V20', 'V6', 'V22', 'V28']",8,2,-66.33788046084507,0.9511395776546792,"(0.36458333333333326,)","(0.3645833333333333,)","(0.3645833333333333,)",0.9413677230882259,"(0.2973856209150326,)","(0.314878892733564,)","(0.28173374613003094,)"
26,"['V25', 'V13', 'V9', 'V21', 'V22', 'V28']",6,1,-378.8775355540635,0.841489529294528,"(0.05357142857142857,)","(0.1875,)","(0.03125,)",0.8400408887659143,"(0.016216216216216217,)","(0.06382978723404255,)","(0.009287925696594427,)"
27,"['V15', 'V10', 'V20', 'V27', 'V22', 'V28', 'V24']",7,4,-23.39982939587955,0.9126833655734342,"(0.17061611374407587,)","(0.1565217391304348,)","(0.1875,)",0.9192986655564551,"(0.1715976331360947,)","(0.1643059490084986,)","(0.17956656346749225,)"
28,"['V15', 'V7', 'V12', 'V10', 'V17', 'V6', 'V28']",7,3,-29.94209907836884,0.9649368753480465,"(0.6341463414634148,)","(0.5963302752293578,)","(0.6770833333333334,)",0.9473011911750507,"(0.5462555066079294,)","(0.5195530726256983,)","(0.5758513931888545,)"
29,"['V8', 'V14', 'V10', 'V4', 'V19', 'V6', 'V21', 'V28']",8,1,-104.85712011389533,0.975837326709458,"(0.2706270627062706,)","(0.19806763285024154,)","(0.4270833333333333,)",0.9571196013156014,"(0.2336065573770492,)","(0.17457886676875958,)","(0.35294117647058826,)"
30,"['V2', 'V15', 'V16', 'V7', 'V11', 'V5', 'V28', 'V3']",8,6,-33.43552188581888,0.9510003590374865,"(0.48704663212435234,)","(0.4845360824742268,)","(0.4895833333333333,)",0.9510342168246144,"(0.4119496855345912,)","(0.4185303514376997,)","(0.4055727554179567,)"
31,"['V2', 'V15', 'V23', 'V16', 'V5', 'V3', 'V26']",7,1,-129.52754601985333,0.9278708344324278,"(0.2666666666666666,)","(0.26262626262626265,)","(0.2708333333333333,)",0.9102619681788743,"(0.21638330757341573,)","(0.21604938271604937,)","(0.21671826625386997,)"
32,"['V14', 'V10', 'V19', 'V27', 'V3']",5,3,-31.237514744737595,0.9766618306515431,"(0.6547619047619048,)","(0.7638888888888888,)","(0.5729166666666666,)",0.9566155698934993,"(0.583941605839416,)","(0.7111111111111111,)","(0.4953560371517028,)"
33,"['V8', 'V4', 'V19', 'V18', 'V20', 'V13', 'V21']",7,4,-41.72027067038898,0.9398295304668953,"(0.33939393939393936,)","(0.4057971014492754,)","(0.2916666666666667,)",0.9224713026176613,"(0.277992277992278,)","(0.36923076923076925,)","(0.22291021671826625,)"
34,"['V8', 'V25', 'V16', 'V19', 'V11', 'V20', 'V24']",7,4,-28.742117523617544,0.9467626176030951,"(0.4577114427860696,)","(0.4380952380952381,)","(0.4791666666666667,)",0.9362471618914717,"(0.3967479674796747,)","(0.4178082191780822,)","(0.37770897832817335,)"
35,"['V15', 'V7', 'V13', 'V27', 'V22', 'V26']",6,5,-19.25315597657168,0.8827094141094405,"(0.1370967741935484,)","(0.1118421052631579,)","(0.17708333333333334,)",0.8876761469282254,"(0.11171662125340599,)","(0.09975669099756691,)","(0.12693498452012383,)"
36,"['V2', 'V15', 'V23', 'V27', 'V24']",5,3,-37.94714720886576,0.8693632946452123,"(0.07518796992481204,)","(0.13513513513513514,)","(0.052083333333333336,)",0.8520685031742704,"(0.013986013986013984,)","(0.02830188679245283,)","(0.009287925696594427,)"
37,"['V2', 'V16', 'V10', 'V27', 'V3', 'V24']",6,3,-35.981725059475274,0.941073338902078,"(0.43529411764705883,)","(0.5,)","(0.3854166666666667,)",0.932442232271169,"(0.39355992844364934,)","(0.4661016949152542,)","(0.34055727554179566,)"
38,"['V15', 'V23', 'V4', 'V20', 'V5', 'V27']",6,6,-23.22717618648323,0.9128390706058208,"(0.21999999999999997,)","(0.21153846153846154,)","(0.22916666666666666,)",0.9020838966886027,"(0.14756671899529042,)","(0.14968152866242038,)","(0.14551083591331268,)"
39,"['V15', 'V25', 'V19', 'V18', 'V9', 'V21', 'V22', 'V1']",8,4,-43.30554674366052,0.934606450951083,"(0.2994011976047904,)","(0.352112676056338,)","(0.2604166666666667,)",0.9229073502761894,"(0.26796116504854367,)","(0.359375,)","(0.21362229102167182,)"
40,"['V14', 'V16', 'V10', 'V12', 'V18', 'V1', 'V17']",7,7,-30.815480070200252,0.9753374219643014,"(0.6781609195402298,)","(0.7564102564102564,)","(0.6145833333333334,)",0.9605121385445441,"(0.604982206405694,)","(0.7112970711297071,)","(0.5263157894736842,)"
41,"['V8', 'V2', 'V10', 'V11', 'V27', 'V21', 'V26']",7,6,-41.20207247082125,0.9355533207303848,"(0.4113475177304964,)","(0.6444444444444445,)","(0.3020833333333333,)",0.9291438972853453,"(0.3449781659388646,)","(0.5851851851851851,)","(0.24458204334365324,)"
42,"['V15', 'V23', 'V16', 'V4', 'V19', 'V18', 'V22']",7,7,-27.462903448623624,0.9731886925173657,"(0.4623655913978495,)","(0.4777777777777778,)","(0.4479166666666667,)",0.9531582487281985,"(0.39864864864864863,)","(0.43866171003717475,)","(0.3653250773993808,)"
43,"['V2', 'V14', 'V18', 'V5', 'V22', 'V24']",6,1,-71.71338011165047,0.9476570972185585,"(0.4095238095238095,)","(0.37719298245614036,)","(0.4479166666666667,)",0.9379943513165353,"(0.3564356435643564,)","(0.328125,)","(0.39009287925696595,)"
44,"['V14', 'V25', 'V16', 'V10', 'V11', 'V3']",6,3,-27.217634329719466,0.9690531668571764,"(0.6850828729281768,)","(0.7294117647058823,)","(0.6458333333333334,)",0.9505940814287004,"(0.6129597197898425,)","(0.7056451612903226,)","(0.541795665634675,)"
45,"['V15', 'V16', 'V10', 'V7', 'V19', 'V11', 'V9', 'V26']",8,6,-31.824216798760638,0.9674069067088719,"(0.5699481865284973,)","(0.5670103092783505,)","(0.5729166666666666,)",0.9513030023107611,"(0.5183946488294314,)","(0.5636363636363636,)","(0.47987616099071206,)"
46,"['V10', 'V7', 'V4', 'V19', 'V11', 'V9', 'V27', 'V24']",8,2,-55.69670788733987,0.9621352838594331,"(0.3741935483870968,)","(0.4915254237288136,)","(0.3020833333333333,)",0.9461872492313421,"(0.34136546184738953,)","(0.4857142857142857,)","(0.2631578947368421,)"
47,"['V12', 'V4', 'V13', 'V27', 'V1', 'V17', 'V26']",7,6,-28.893258780997805,0.9838574181541077,"(0.5900000000000001,)","(0.5673076923076923,)","(0.6145833333333334,)",0.9546286614755863,"(0.5085803432137286,)","(0.5125786163522013,)","(0.5046439628482973,)"
48,"['V15', 'V23', 'V4', 'V18', 'V13', 'V27', 'V28']",7,6,-23.429285341687482,0.9260133649872506,"(0.3794871794871795,)","(0.37373737373737376,)","(0.3854166666666667,)",0.914130944602564,"(0.32160804020100503,)","(0.35036496350364965,)","(0.29721362229102166,)"
49,"['V2', 'V14', 'V25', 'V7', 'V19', 'V11', 'V3', 'V26']",8,7,-29.545671711958224,0.9724447888273396,"(0.5297297297297298,)","(0.550561797752809,)","(0.5104166666666666,)",0.9599234373488825,"(0.4812286689419795,)","(0.5361216730038023,)","(0.43653250773993807,)"
50,"['V2', 'V12', 'V20', 'V21', 'V28', 'V24']",6,4,-27.711013701608977,0.9156976318180485,"(0.4035874439461883,)","(0.3543307086614173,)","(0.46875,)",0.9219616589331645,"(0.37283621837549924,)","(0.32710280373831774,)","(0.43343653250773995,)"
51,"['V14', 'V23', 'V13', 'V9', 'V17', 'V3']",6,2,-43.415510981718135,0.973985169553621,"(0.5948717948717948,)","(0.5858585858585859,)","(0.6041666666666666,)",0.9570749210057314,"(0.5199362041467304,)","(0.5361842105263158,)","(0.5046439628482973,)"
52,"['V25', 'V13', 'V5', 'V22', 'V28', 'V3', 'V24']",7,1,-152.3951959641507,0.8654906357161699,"(0.1917808219178082,)","(0.28,)","(0.14583333333333334,)",0.8494229161874953,"(0.10593220338983052,)","(0.16778523489932887,)","(0.07739938080495357,)"
53,"['V25', 'V10', 'V19', 'V20', 'V3', 'V24']",6,4,-50.782528333612184,0.9398141431460476,"(0.3816793893129771,)","(0.7142857142857143,)","(0.2604166666666667,)",0.9390784896339754,"(0.3017031630170316,)","(0.7045454545454546,)","(0.19195046439628483,)"
54,"['V8', 'V2', 'V14', 'V18', 'V28', 'V21', 'V17', 'V26']",8,5,-36.10216262694804,0.9616062531141005,"(0.4977375565610859,)","(0.44,)","(0.5729166666666666,)",0.9540057171028067,"(0.41948579161028415,)","(0.37259615384615385,)","(0.47987616099071206,)"
55,"['V15', 'V16', 'V12', 'V7', 'V4', 'V13', 'V21', 'V28']",8,1,-219.09680198867892,0.9446732392508572,"(0.31137724550898205,)","(0.36619718309859156,)","(0.2708333333333333,)",0.9424791520786236,"(0.25925925925925924,)","(0.3225806451612903,)","(0.21671826625386997,)"
56,"['V16', 'V10', 'V4', 'V11', 'V1', 'V28']",6,5,-22.732392675635406,0.9747283405140831,"(0.5898617511520738,)","(0.5289256198347108,)","(0.6666666666666666,)",0.9576371021674507,"(0.5086551264980027,)","(0.4462616822429907,)","(0.5913312693498453,)"
57,"['V2', 'V4', 'V20', 'V28', 'V22', 'V1', 'V17', 'V24']",8,2,-108.5317151963859,0.9658593818693397,"(0.3814432989690722,)","(0.37755102040816324,)","(0.3854166666666667,)",0.9514593917718168,"(0.30959752321981426,)","(0.30959752321981426,)","(0.30959752321981426,)"
58,"['V10', 'V19', 'V11', 'V20', 'V21', 'V24']",6,7,-20.78892404273344,0.9445182669480348,"(0.4380165289256198,)","(0.363013698630137,)","(0.5520833333333334,)",0.9484485889038402,"(0.4151967435549525,)","(0.3695652173913043,)","(0.47368421052631576,)"
59,"['V2', 'V4', 'V19', 'V18', 'V13', 'V21', 'V17', 'V24']",8,5,-42.33639700102107,0.970500674111199,"(0.5555555555555556,)","(0.6818181818181818,)","(0.46875,)",0.9606295939823011,"(0.4915572232645403,)","(0.6238095238095238,)","(0.4055727554179567,)"
60,"['V15', 'V16', 'V12', 'V10', 'V6', 'V1', 'V28', 'V24']",8,1,-82.28705391707906,0.9412244643746885,"(0.3557312252964427,)","(0.28662420382165604,)","(0.46875,)",0.9227254627155379,"(0.30731102850061953,)","(0.256198347107438,)","(0.38390092879256965,)"
61,"['V10', 'V19', 'V18', 'V5', 'V21', 'V22', 'V3', 'V24']",8,7,-33.27095642768781,0.9518464785017146,"(0.4117647058823529,)","(0.47297297297297297,)","(0.3645833333333333,)",0.946305374789982,"(0.37937384898710874,)","(0.4681818181818182,)","(0.3188854489164087,)"
62,"['V9', 'V27', 'V1', 'V17', 'V3']",5,6,-22.559752540813065,0.9666076819367508,"(0.6022727272727273,)","(0.6625,)","(0.5520833333333334,)",0.9468218202014407,"(0.524701873935264,)","(0.5833333333333334,)","(0.47678018575851394,)"
63,"['V25', 'V10', 'V6', 'V21', 'V17']",5,7,-26.18681956199037,0.9628436501655969,"(0.49142857142857144,)","(0.5443037974683544,)","(0.4479166666666667,)",0.9497829336059473,"(0.4288288288288288,)","(0.5129310344827587,)","(0.3684210526315789,)"
64,"['V15', 'V16', 'V12', 'V10', 'V11', 'V13', 'V3']",7,3,-33.024692221320976,0.9657771329757613,"(0.7,)","(0.75,)","(0.65625,)",0.9457411330065477,"(0.5860927152317881,)","(0.6298932384341637,)","(0.5479876160990712,)"
65,"['V2', 'V11', 'V9', 'V6', 'V21', 'V28', 'V3']",7,4,-46.56775317506211,0.9297365470852017,"(0.324022346368715,)","(0.3493975903614458,)","(0.3020833333333333,)",0.9258111013331167,"(0.2802101576182136,)","(0.3225806451612903,)","(0.2476780185758514,)"
66,"['V25', 'V10', 'V6', 'V9', 'V27']",5,1,-93.38536456199259,0.926427174008617,"(0.17391304347826086,)","(0.16216216216216217,)","(0.1875,)",0.8966045695241452,"(0.1641541038525963,)","(0.17883211678832117,)","(0.15170278637770898,)"
67,"['V14', 'V12', 'V4', 'V13', 'V22', 'V28', 'V26']",7,7,-20.705466637205834,0.9719602714030307,"(0.49789029535864987,)","(0.41843971631205673,)","(0.6145833333333334,)",0.958919244452777,"(0.4634146341463415,)","(0.41204819277108434,)","(0.5294117647058824,)"
68,"['V14', 'V15', 'V20', 'V13', 'V27', 'V1', 'V24']",7,5,-27.398495729410858,0.961195741375773,"(0.43575418994413406,)","(0.46987951807228917,)","(0.40625,)",0.9540038910234008,"(0.3373913043478261,)","(0.38492063492063494,)","(0.30030959752321984,)"
69,"['V16', 'V10', 'V7', 'V11', 'V17', 'V26']",6,7,-22.71516121537792,0.9712885415750754,"(0.5743589743589743,)","(0.5656565656565656,)","(0.5833333333333334,)",0.9579291743542795,"(0.5279999999999999,)","(0.5463576158940397,)","(0.5108359133126935,)"
70,"['V14', 'V23', 'V10', 'V12', 'V5', 'V22', 'V28']",7,3,-34.473353357639915,0.9672125501919752,"(0.5576923076923077,)","(0.5178571428571429,)","(0.6041666666666666,)",0.9558169030721909,"(0.45698166431593795,)","(0.41968911917098445,)","(0.5015479876160991,)"
71,"['V8', 'V23', 'V12', 'V4', 'V18', 'V1']",6,1,-206.08227184601014,0.9546117998769015,"(0.308641975308642,)","(0.3787878787878788,)","(0.2604166666666667,)",0.9347674847228773,"(0.24110671936758887,)","(0.3333333333333333,)","(0.18885448916408668,)"
72,"['V8', 'V11', 'V13', 'V21', 'V28', 'V24']",6,4,-24.69111652261424,0.9110539582051056,"(0.318407960199005,)","(0.3047619047619048,)","(0.3333333333333333,)",0.9012826666549172,"(0.2783171521035599,)","(0.29152542372881357,)","(0.26625386996904027,)"
73,"['V8', 'V25', 'V16', 'V4', 'V19', 'V6', 'V9', 'V27']",8,6,-37.57029401046261,0.9427842624344207,"(0.3756345177664975,)","(0.36633663366336633,)","(0.3854166666666667,)",0.9319202248563818,"(0.3424,)","(0.3543046357615894,)","(0.33126934984520123,)"
74,"['V14', 'V7', 'V20', 'V1', 'V3', 'V24']",6,4,-30.520033518849083,0.9614602567484393,"(0.5052631578947369,)","(0.5106382978723404,)","(0.5,)",0.9615036996620061,"(0.46280991735537197,)","(0.49645390070921985,)","(0.43343653250773995,)"
75,"['V16', 'V10', 'V4', 'V21', 'V24', 'V26']",6,1,-176.06142375481988,0.9566903704680676,"(0.2686567164179105,)","(0.47368421052631576,)","(0.1875,)",0.9415070412197888,"(0.26879271070615035,)","(0.5086206896551724,)","(0.1826625386996904,)"
76,"['V2', 'V15', 'V14', 'V11', 'V20', 'V21', 'V1', 'V28']",8,2,-44.65915564050712,0.9571510741815411,"(0.3448275862068966,)","(0.29411764705882354,)","(0.4166666666666667,)",0.9573592365433403,"(0.2830188679245283,)","(0.25059665871121717,)","(0.32507739938080493,)"
77,"['V25', 'V23', 'V10', 'V6', 'V3']",5,2,-53.867630713502614,0.9152398590228319,"(0.3087248322147651,)","(0.4339622641509434,)","(0.23958333333333334,)",0.9155607312714238,"(0.24242424242424243,)","(0.4028776978417266,)","(0.17337461300309598,)"
78,"['V12', 'V6', 'V27', 'V21', 'V1', 'V26']",6,4,-36.463739982788084,0.9093069477417274,"(0.39548022598870053,)","(0.43209876543209874,)","(0.3645833333333333,)",0.9162388265928694,"(0.35416666666666663,)","(0.4031620553359684,)","(0.3157894736842105,)"
79,"['V15', 'V25', 'V19', 'V18', 'V6', 'V22', 'V28']",7,5,-30.132794321922606,0.8937732641636624,"(0.2617801047120419,)","(0.2631578947368421,)","(0.2604166666666667,)",0.8828412247578238,"(0.20677966101694917,)","(0.22846441947565543,)","(0.18885448916408668,)"
80,"['V23', 'V9', 'V27', 'V21', 'V22', 'V3', 'V24']",7,1,-146.58188305601897,0.8790704959113691,"(0.13999999999999999,)","(0.1346153846153846,)","(0.14583333333333334,)",0.874037578670307,"(0.07987220447284345,)","(0.08250825082508251,)","(0.07739938080495357,)"
81,"['V25', 'V11', 'V13', 'V6', 'V27', 'V17', 'V3', 'V26']",8,3,-39.75939180850244,0.9679890603476069,"(0.5560975609756098,)","(0.5229357798165137,)","(0.59375,)",0.9404440117101613,"(0.4673748103186647,)","(0.4583333333333333,)","(0.47678018575851394,)"
82,"['V25', 'V7', 'V12', 'V19', 'V20', 'V27', 'V24']",7,4,-35.03928316211056,0.9297396611858495,"(0.4919786096256684,)","(0.5054945054945055,)","(0.4791666666666667,)",0.9327576749237901,"(0.45182724252491696,)","(0.4874551971326165,)","(0.42105263157894735,)"
83,"['V2', 'V23', 'V4', 'V20', 'V24']",5,2,-25.25473417524969,0.8877220170579443,"(0.22857142857142856,)","(0.21052631578947367,)","(0.25,)",0.8860019169142916,"(0.15035460992907804,)","(0.1387434554973822,)","(0.16408668730650156,)"
84,"['V2', 'V15', 'V16', 'V19', 'V11', 'V9', 'V1']",7,2,-169.86306434120462,0.9511908687241712,"(0.37956204379562036,)","(0.6341463414634146,)","(0.2708333333333333,)",0.9352576781487467,"(0.3014354066985646,)","(0.6631578947368421,)","(0.19504643962848298,)"
85,"['V15', 'V23', 'V7', 'V18', 'V9', 'V1']",6,6,-23.44648497759745,0.9214273938274862,"(0.4245810055865922,)","(0.4578313253012048,)","(0.3958333333333333,)",0.9112786085703803,"(0.35371900826446284,)","(0.37943262411347517,)","(0.33126934984520123,)"
86,"['V10', 'V18', 'V11', 'V6', 'V21', 'V17']",6,5,-37.15317889107395,0.9658254931269967,"(0.5806451612903225,)","(0.7627118644067796,)","(0.46875,)",0.9503153111413979,"(0.48155339805825237,)","(0.6458333333333334,)","(0.38390092879256965,)"
87,"['V2', 'V14', 'V7', 'V19', 'V9', 'V5', 'V22']",7,6,-40.88429582124644,0.9601177130044843,"(0.5465116279069767,)","(0.618421052631579,)","(0.4895833333333333,)",0.9604719480445898,"(0.48027444253859347,)","(0.5384615384615384,)","(0.43343653250773995,)"
88,"['V8', 'V15', 'V25', 'V14', 'V16', 'V12', 'V1', 'V3']",8,3,-44.257899966168495,0.9720654180954893,"(0.5837837837837837,)","(0.6067415730337079,)","(0.5625,)",0.9587623691540811,"(0.504258943781942,)","(0.5606060606060606,)","(0.4582043343653251,)"
89,"['V14', 'V25', 'V16', 'V12', 'V11', 'V20', 'V13', 'V27']",8,3,-35.36476071090433,0.9714808830856708,"(0.5352112676056338,)","(0.48717948717948717,)","(0.59375,)",0.9605207495978898,"(0.46638054363376247,)","(0.43351063829787234,)","(0.5046439628482973,)"
90,"['V2', 'V16', 'V10', 'V20', 'V13', 'V9', 'V26']",7,4,-36.48959267427894,0.9494733506257511,"(0.4530386740331492,)","(0.4823529411764706,)","(0.4270833333333333,)",0.9451797727429101,"(0.3858407079646018,)","(0.45041322314049587,)","(0.33746130030959753,)"
91,"['V2', 'V23', 'V12', 'V10', 'V18', 'V22']",6,6,-24.09034733788265,0.9530756323456139,"(0.5368421052631579,)","(0.5425531914893617,)","(0.53125,)",0.9400001738963691,"(0.4754098360655738,)","(0.5052264808362369,)","(0.44891640866873067,)"
92,"['V15', 'V10', 'V12', 'V18', 'V5', 'V1', 'V28', 'V24']",8,2,-232.14406711622792,0.9544625062282012,"(0.36879432624113473,)","(0.5777777777777777,)","(0.2708333333333333,)",0.938301635247407,"(0.28697571743929357,)","(0.5,)","(0.20123839009287925,)"
93,"['V14', 'V23', 'V12', 'V17', 'V20', 'V6', 'V28', 'V26']",8,3,-35.242660705468644,0.9657639438436062,"(0.5178571428571429,)","(0.453125,)","(0.6041666666666666,)",0.9557524541962744,"(0.4533333333333333,)","(0.3981264637002342,)","(0.5263157894736842,)"
94,"['V2', 'V14', 'V15', 'V16', 'V10', 'V12']",6,6,-30.335775591058535,0.9745642090917084,"(0.6704545454545455,)","(0.7375,)","(0.6145833333333334,)",0.9546567897996479,"(0.5831842576028622,)","(0.690677966101695,)","(0.5046439628482973,)"
95,"['V16', 'V10', 'V11', 'V20', 'V21', 'V3', 'V26']",7,7,-28.350561220255905,0.955660152700841,"(0.5542168674698795,)","(0.6571428571428571,)","(0.4791666666666667,)",0.9498076108074617,"(0.4548872180451128,)","(0.5789473684210527,)","(0.3746130030959752,)"
96,"['V25', 'V23', 'V7', 'V19', 'V11', 'V6', 'V22', 'V24']",8,3,-49.779515515170374,0.9139680236818195,"(0.3176470588235294,)","(0.36486486486486486,)","(0.28125,)",0.9251469445260363,"(0.2614840989399293,)","(0.3045267489711934,)","(0.22910216718266255,)"
97,"['V16', 'V7', 'V18', 'V11', 'V13', 'V5']",6,3,-36.39599144036582,0.9452524619713356,"(0.4615384615384615,)","(0.45454545454545453,)","(0.46875,)",0.9376829796482781,"(0.39741518578352175,)","(0.4155405405405405,)","(0.38080495356037153,)"
98,"['V2', 'V15', 'V10', 'V11', 'V13', 'V24']",6,4,-29.771945174883545,0.9533025953281163,"(0.3949044585987262,)","(0.5081967213114754,)","(0.3229166666666667,)",0.9349789246144665,"(0.3326810176125245,)","(0.4521276595744681,)","(0.2631578947368421,)"
99,"['V8', 'V25', 'V10', 'V13', 'V5', 'V21', 'V17', 'V3']",8,7,-38.181975020365286,0.9689166959758493,"(0.45652173913043476,)","(0.4772727272727273,)","(0.4375,)",0.9539394589005061,"(0.40747028862478774,)","(0.45112781954887216,)","(0.3715170278637771,)"
100,"['V23', 'V19', 'V22', 'V1', 'V24']",5,3,-25.10419221681386,0.8440925510712506,"(0.12738853503184713,)","(0.16393442622950818,)","(0.10416666666666667,)",0.822883599516796,"(0.046065259117082535,)","(0.06060606060606061,)","(0.03715170278637771,)"
101,"['V15', 'V25', 'V23', 'V7', 'V10', 'V11', 'V5', 'V3']",8,6,-24.97175636680392,0.9442627275125296,"(0.4080267558528428,)","(0.30049261083743845,)","(0.6354166666666666,)",0.9396385599149134,"(0.34419551934826886,)","(0.2564491654021244,)","(0.5232198142414861,)"
102,"['V25', 'V10', 'V19', 'V6', 'V27', 'V21', 'V28']",7,3,-27.782508101605295,0.9176732539054486,"(0.20717131474103587,)","(0.16774193548387098,)","(0.2708333333333333,)",0.922045206254245,"(0.1806615776081425,)","(0.15334773218142547,)","(0.21981424148606812,)"
103,"['V14', 'V25', 'V12', 'V5', 'V22', 'V1', 'V28', 'V3']",8,2,-87.02008210938442,0.9534022465488438,"(0.4383561643835617,)","(0.3902439024390244,)","(0.5,)",0.9481197438335602,"(0.3929539295392955,)","(0.3493975903614458,)","(0.44891640866873067,)"
104,"['V14', 'V13', 'V9', 'V24', 'V26']",5,3,-27.309909182425173,0.9643475775960608,"(0.5205479452054795,)","(0.76,)","(0.3958333333333333,)",0.9455647571901582,"(0.46887966804979253,)","(0.710691823899371,)","(0.3498452012383901,)"
105,"['V25', 'V16', 'V19', 'V9', 'V1', 'V24', 'V26']",7,4,-26.84208768468561,0.9297266552360856,"(0.45398773006134974,)","(0.5522388059701493,)","(0.3854166666666667,)",0.9078451604615344,"(0.4117647058823529,)","(0.5614973262032086,)","(0.32507739938080493,)"
106,"['V2', 'V14', 'V16', 'V7', 'V27', 'V21', 'V28', 'V26']",8,6,-29.6371967892096,0.9591715759547467,"(0.4435146443514644,)","(0.3706293706293706,)","(0.5520833333333334,)",0.9534140338692162,"(0.37387964148527525,)","(0.31877729257641924,)","(0.4520123839009288,)"
107,"['V8', 'V23', 'V10', 'V18', 'V13', 'V6', 'V24']",7,2,-62.7811764411572,0.912848779272546,"(0.33766233766233766,)","(0.4482758620689655,)","(0.2708333333333333,)",0.9149666356026547,"(0.2780082987551867,)","(0.42138364779874216,)","(0.20743034055727555,)"
108,"['V14', 'V10', 'V12', 'V19', 'V20', 'V3', 'V26']",7,5,-30.111077089496938,0.977851233916586,"(0.6358381502890174,)","(0.7142857142857143,)","(0.5729166666666666,)",0.9636635662798053,"(0.567857142857143,)","(0.6708860759493671,)","(0.49226006191950467,)"
109,"['V15', 'V23', 'V16', 'V27', 'V28', 'V17', 'V26']",7,7,-26.865773272025002,0.957329127465635,"(0.4941176470588235,)","(0.5675675675675675,)","(0.4375,)",0.9397931735556295,"(0.41366223908918404,)","(0.5343137254901961,)","(0.33746130030959753,)"
110,"['V14', 'V12', 'V20', 'V13', 'V6', 'V27', 'V21']",7,4,-31.89379026860354,0.962921136317008,"(0.4444444444444445,)","(0.3875968992248062,)","(0.5208333333333334,)",0.9575453123595102,"(0.41853932584269665,)","(0.38303341902313626,)","(0.4613003095975232,)"
111,"['V25', 'V23', 'V10', 'V4', 'V19', 'V28', 'V24', 'V26']",8,4,-26.618950840785352,0.9524405389958674,"(0.2477064220183486,)","(0.22131147540983606,)","(0.28125,)",0.9393174714938535,"(0.19860139860139864,)","(0.18112244897959184,)","(0.21981424148606812,)"
112,"['V25', 'V23', 'V12', 'V19', 'V11', 'V1', 'V28', 'V3']",8,3,-31.54420022770743,0.9563952636360972,"(0.48672566371681414,)","(0.4230769230769231,)","(0.5729166666666666,)",0.9523091553104491,"(0.3918053777208707,)","(0.33406113537117904,)","(0.47368421052631576,)"
113,"['V25', 'V23', 'V7', 'V18', 'V9', 'V1', 'V17']",7,6,-28.65547008558282,0.9592507107476773,"(0.5029940119760479,)","(0.5915492957746479,)","(0.4375,)",0.9490396522756142,"(0.4326375711574953,)","(0.5588235294117647,)","(0.35294117647058826,)"
114,"['V8', 'V12', 'V4', 'V11', 'V13', 'V21', 'V17', 'V24']",8,5,-33.929386192756795,0.9700570063600927,"(0.5948717948717948,)","(0.5858585858585859,)","(0.6041666666666666,)",0.9577651622681802,"(0.5481239804241436,)","(0.5793103448275863,)","(0.5201238390092879,)"
115,"['V23', 'V12', 'V19', 'V20', 'V21', 'V28', 'V3', 'V26']",8,6,-29.44869112860762,0.9430016999325889,"(0.47747747747747754,)","(0.42063492063492064,)","(0.5520833333333334,)",0.9374791791347543,"(0.4097035040431267,)","(0.3627684964200477,)","(0.47058823529411764,)"
116,"['V15', 'V7', 'V20', 'V13', 'V9', 'V22', 'V17']",7,3,-40.38293564849604,0.9655683050499722,"(0.48554913294797686,)","(0.5454545454545454,)","(0.4375,)",0.9516985746679597,"(0.4312267657992565,)","(0.5395348837209303,)","(0.3591331269349845,)"
117,"['V14', 'V10', 'V18', 'V5', 'V21', 'V1', 'V24']",7,5,-31.921960038844887,0.958527506667839,"(0.5977011494252873,)","(0.6666666666666666,)","(0.5416666666666666,)",0.9525544195536048,"(0.4991023339317774,)","(0.594017094017094,)","(0.43034055727554177,)"
118,"['V25', 'V23', 'V12', 'V4', 'V11', 'V20', 'V9', 'V27']",8,3,-31.12596611971818,0.9499569521381048,"(0.4978165938864628,)","(0.42857142857142855,)","(0.59375,)",0.9422866766080216,"(0.42857142857142855,)","(0.3691275167785235,)","(0.5108359133126935,)"
119,"['V2', 'V15', 'V10', 'V18', 'V13', 'V22', 'V17']",7,5,-31.639412209640987,0.9721555438318824,"(0.6046511627906976,)","(0.6842105263157895,)","(0.5416666666666666,)",0.9517049743223918,"(0.5119705340699815,)","(0.6318181818181818,)","(0.43034055727554177,)"
120,"['V2', 'V14', 'V25', 'V19', 'V18', 'V21', 'V28']",7,4,-30.583710804771624,0.9671621750344384,"(0.4453781512605042,)","(0.3732394366197183,)","(0.5520833333333334,)",0.9554382847733307,"(0.3962765957446808,)","(0.3473193473193473,)","(0.4613003095975232,)"
121,"['V4', 'V19', 'V13', 'V9', 'V22', 'V24']",6,3,-21.291718547286376,0.8842464975526833,"(0.14285714285714288,)","(0.125,)","(0.16666666666666666,)",0.8833298098935743,"(0.13104524180967236,)","(0.1320754716981132,)","(0.13003095975232198,)"
122,"['V14', 'V23', 'V18', 'V6', 'V5', 'V21', 'V1', 'V28']",8,4,-37.802496912879,0.9567405624432134,"(0.38211382113821135,)","(0.31333333333333335,)","(0.4895833333333333,)",0.9533170003653667,"(0.33788819875776394,)","(0.2821576763485477,)","(0.42105263157894735,)"
123,"['V14', 'V25', 'V10', 'V7', 'V20', 'V9', 'V17']",7,1,-125.14951955517301,0.9748992496849263,"(0.5,)","(0.4435483870967742,)","(0.5729166666666666,)",0.9614618506128667,"(0.44507042253521123,)","(0.4082687338501292,)","(0.4891640866873065,)"
124,"['V15', 'V25', 'V7', 'V18', 'V21', 'V24']",6,2,-34.782069358723646,0.8904585787977374,"(0.3055555555555555,)","(0.4583333333333333,)","(0.22916666666666666,)",0.8881264011494718,"(0.2771855010660981,)","(0.4452054794520548,)","(0.20123839009287925,)"
125,"['V8', 'V14', 'V16', 'V7', 'V10', 'V11', 'V9', 'V26']",8,7,-33.04420655190019,0.970946723233389,"(0.6336633663366337,)","(0.6037735849056604,)","(0.6666666666666666,)",0.9552062554176132,"(0.5532544378698226,)","(0.5297450424929179,)","(0.5789473684210527,)"
126,"['V2', 'V16', 'V10', 'V18', 'V11', 'V22', 'V17', 'V26']",8,7,-29.405987855647787,0.9723187593423019,"(0.5315315315315315,)","(0.46825396825396826,)","(0.6145833333333334,)",0.9593236791586524,"(0.47579529737206083,)","(0.43,)","(0.5325077399380805,)"
127,"['V14', 'V16', 'V12', 'V7', 'V6', 'V28']",6,3,-32.56611717198609,0.9624162856472933,"(0.5913978494623656,)","(0.6111111111111112,)","(0.5729166666666666,)",0.9561411410614009,"(0.5285481239804242,)","(0.5586206896551724,)","(0.5015479876160991,)"
128,"['V10', 'V4', 'V20', 'V9', 'V27', 'V1', 'V17', 'V3']",8,5,-45.70801753319843,0.965380543099153,"(0.5235602094240838,)","(0.5263157894736842,)","(0.5208333333333334,)",0.9565814104814915,"(0.4423380726698262,)","(0.45161290322580644,)","(0.43343653250773995,)"
129,"['V14', 'V12', 'V6', 'V9', 'V27', 'V22', 'V1']",7,2,-95.07895918835567,0.9631539611360239,"(0.47058823529411764,)","(0.4835164835164835,)","(0.4583333333333333,)",0.9436493506704551,"(0.39228295819935693,)","(0.4080267558528428,)","(0.37770897832817335,)"
130,"['V25', 'V23', 'V16', 'V19', 'V21', 'V26']",6,4,-23.94227480113539,0.9256433365573435,"(0.40566037735849064,)","(0.3706896551724138,)","(0.4479166666666667,)",0.908793063203473,"(0.3395638629283489,)","(0.34169278996865204,)","(0.33746130030959753,)"
131,"['V8', 'V25', 'V12', 'V10', 'V20', 'V13', 'V9', 'V3']",8,4,-34.4464355415738,0.9408383158943697,"(0.5,)","(0.4435483870967742,)","(0.5729166666666666,)",0.9454152364681527,"(0.4428152492668622,)","(0.4206128133704735,)","(0.4674922600619195,)"
132,"['V15', 'V11', 'V9', 'V6', 'V5', 'V28', 'V3']",7,1,-139.13597465621118,0.9246836440106684,"(0.2576687116564417,)","(0.31343283582089554,)","(0.21875,)",0.8989240254302163,"(0.17293233082706766,)","(0.22009569377990432,)","(0.14241486068111456,)"
133,"['V8', 'V16', 'V7', 'V19', 'V11', 'V5']",6,4,-27.86040813755926,0.943401037545063,"(0.4285714285714286,)","(0.42,)","(0.4375,)",0.9407690873504748,"(0.39807383627608345,)","(0.41333333333333333,)","(0.38390092879256965,)"
134,"['V2', 'V16', 'V10', 'V9', 'V5', 'V22', 'V17', 'V24']",8,1,-148.72491187193577,0.9561672015592486,"(0.4772727272727273,)","(0.525,)","(0.4375,)",0.9412562317263271,"(0.4114490161001789,)","(0.4872881355932203,)","(0.3560371517027864,)"
135,"['V2', 'V10', 'V9', 'V27', 'V28', 'V1', 'V17', 'V3']",8,7,-48.5853535238248,0.9730897740262024,"(0.4482758620689655,)","(0.5,)","(0.40625,)",0.9555882745799543,"(0.386986301369863,)","(0.4329501915708812,)","(0.3498452012383901,)"
136,"['V2', 'V14', 'V16', 'V19', 'V20', 'V1']",6,5,-33.74012526314104,0.9714436970602891,"(0.6179775280898876,)","(0.6707317073170732,)","(0.5729166666666666,)",0.9612035525185381,"(0.5197934595524958,)","(0.5852713178294574,)","(0.4674922600619195,)"
137,"['V2', 'V12', 'V7', 'V10', 'V19', 'V6', 'V3']",7,1,-307.4073828332896,0.9495801459597292,"(0.37681159420289856,)","(0.6190476190476191,)","(0.2708333333333333,)",0.939540387205563,"(0.2977777777777778,)","(0.5275590551181102,)","(0.20743034055727555,)"
138,"['V14', 'V4', 'V5', 'V27', 'V1', 'V28', 'V3']",7,4,-38.22077137762585,0.9658366672528503,"(0.47337278106508873,)","(0.547945205479452,)","(0.4166666666666667,)",0.954257313988306,"(0.3740740740740741,)","(0.46543778801843316,)","(0.3126934984520124,)"
139,"['V8', 'V2', 'V23', 'V16', 'V12', 'V27', 'V21', 'V1']",8,3,-53.81887059810089,0.9300970500307748,"(0.40625,)","(0.40625,)","(0.40625,)",0.9361529931543968,"(0.35015772870662465,)","(0.35691318327974275,)","(0.34365325077399383,)"
140,"['V25', 'V5', 'V27', 'V22', 'V1', 'V28']",6,4,-24.308623257068657,0.8878493288197192,"(0.14857142857142858,)","(0.16455696202531644,)","(0.13541666666666666,)",0.888514384387671,"(0.06896551724137931,)","(0.07782101167315175,)","(0.06191950464396285,)"
141,"['V15', 'V4', 'V13', 'V9', 'V5', 'V21', 'V1']",7,2,-93.85662683784231,0.9038175210293384,"(0.16129032258064516,)","(0.16666666666666666,)","(0.15625,)",0.8928608721995208,"(0.10638297872340424,)","(0.12448132780082988,)","(0.09287925696594428,)"
142,"['V8', 'V23', 'V16', 'V7', 'V4', 'V21']",6,3,-62.04157619621422,0.9449078958937835,"(0.35616438356164387,)","(0.52,)","(0.2708333333333333,)",0.9364899131813162,"(0.3076923076923077,)","(0.5303030303030303,)","(0.21671826625386997,)"
143,"['V2', 'V25', 'V10', 'V19', 'V9', 'V5', 'V27', 'V1']",8,6,-41.373943440060344,0.9537229989155602,"(0.3246753246753247,)","(0.43103448275862066,)","(0.2604166666666667,)",0.9411882647157752,"(0.27467811158798283,)","(0.44755244755244755,)","(0.19814241486068113,)"
144,"['V2', 'V25', 'V23', 'V10', 'V4', 'V13', 'V22', 'V24']",8,7,-35.24401329543051,0.9527889519036314,"(0.3636363636363636,)","(0.4,)","(0.3333333333333333,)",0.9436376235550037,"(0.3098106712564544,)","(0.3488372093023256,)","(0.2786377708978328,)"
145,"['V2', 'V14', 'V19', 'V9', 'V6', 'V1']",6,6,-29.98070914142648,0.9781968990884844,"(0.5562130177514792,)","(0.6438356164383562,)","(0.4895833333333333,)",0.9535648110678774,"(0.49825783972125437,)","(0.5697211155378487,)","(0.44272445820433437,)"
146,"['V14', 'V19', 'V11', 'V20', 'V21', 'V3', 'V24']",7,4,-38.78904959978136,0.9719571573023829,"(0.45454545454545453,)","(0.5,)","(0.4166666666666667,)",0.9640177921785266,"(0.3920863309352518,)","(0.4678111587982833,)","(0.33746130030959753,)"
147,"['V8', 'V23', 'V11', 'V20', 'V6', 'V5', 'V27', 'V21']",8,5,-37.85406707678196,0.9172612767079926,"(0.3068181818181818,)","(0.3375,)","(0.28125,)",0.9096273637027316,"(0.2530329289428076,)","(0.2874015748031496,)","(0.2260061919504644,)"
148,"['V16', 'V4', 'V11', 'V6', 'V27', 'V21', 'V17']",7,5,-32.81755127460244,0.9714037632990415,"(0.5380710659898477,)","(0.5247524752475248,)","(0.5520833333333334,)",0.9575389629641444,"(0.4670846394984326,)","(0.473015873015873,)","(0.4613003095975232,)"
149,"['V23', 'V10', 'V4', 'V18', 'V11', 'V9', 'V5', 'V1']",8,1,-223.49268010619164,0.9614496321697588,"(0.33121019108280253,)","(0.4262295081967213,)","(0.2708333333333333,)",0.9363788071389251,"(0.2653061224489796,)","(0.38922155688622756,)","(0.20123839009287925,)"
150,"['V8', 'V14', 'V15', 'V12', 'V11', 'V20', 'V9', 'V21']",8,1,-102.47013515211388,0.9668745786805006,"(0.3436426116838488,)","(0.2564102564102564,)","(0.5208333333333334,)",0.9576951681419572,"(0.3002070393374741,)","(0.2255054432348367,)","(0.44891640866873067,)"
151,"['V25', 'V7', 'V19', 'V11', 'V27', 'V21', 'V17']",7,4,-41.632784664819674,0.963715415164571,"(0.4912280701754386,)","(0.56,)","(0.4375,)",0.9540530778962084,"(0.44029850746268656,)","(0.5539906103286385,)","(0.3653250773993808,)"
152,"['V15', 'V25', 'V19', 'V11', 'V20', 'V6', 'V21', 'V17']",8,2,-62.72689043161364,0.9675845936281837,"(0.4385026737967914,)","(0.45054945054945056,)","(0.4270833333333333,)",0.9527430585821518,"(0.39032815198618304,)","(0.44140625,)","(0.3498452012383901,)"
153,"['V8', 'V25', 'V23', 'V9', 'V5', 'V27', 'V21']",7,7,-25.47415949722173,0.886221020545737,"(0.18867924528301888,)","(0.1724137931034483,)","(0.20833333333333334,)",0.8957449719615558,"(0.10494752623688156,)","(0.10174418604651163,)","(0.10835913312693499,)"
154,"['V2', 'V14', 'V7', 'V19', 'V18', 'V9', 'V22']",7,6,-38.283538624184814,0.9603516369178464,"(0.558659217877095,)","(0.6024096385542169,)","(0.5208333333333334,)",0.9582101057814294,"(0.5,)","(0.5691699604743083,)","(0.4458204334365325,)"
155,"['V2', 'V25', 'V4', 'V18', 'V13', 'V22', 'V26']",7,1,-59.93385298307216,0.9112825698291276,"(0.2577319587628866,)","(0.25510204081632654,)","(0.2604166666666667,)",0.899447775159299,"(0.2129783693843594,)","(0.2302158273381295,)","(0.19814241486068113,)"
156,"['V15', 'V23', 'V12', 'V11', 'V21', 'V22', 'V3']",7,7,-26.841641969919774,0.9536843474310501,"(0.5,)","(0.45,)","(0.5625,)",0.9424616284175348,"(0.4416315049226442,)","(0.40463917525773196,)","(0.48606811145510836,)"
157,"['V25', 'V10', 'V4', 'V19', 'V6', 'V5', 'V26']",7,7,-32.89562465818304,0.9630022861162402,"(0.33557046979865773,)","(0.4716981132075472,)","(0.2604166666666667,)",0.9424538717683149,"(0.2813186813186813,)","(0.48484848484848486,)","(0.19814241486068113,)"
158,"['V2', 'V14', 'V10', 'V12', 'V19', 'V5', 'V17', 'V24']",8,2,-61.443322219729076,0.9756874835135848,"(0.6630434782608696,)","(0.6931818181818182,)","(0.6354166666666666,)",0.960362081725832,"(0.5742904841402338,)","(0.6231884057971014,)","(0.5325077399380805,)"
159,"['V15', 'V12', 'V4', 'V18', 'V27', 'V22']",6,3,-37.94260530040813,0.959041516457106,"(0.5,)","(0.625,)","(0.4166666666666667,)",0.9315559303913943,"(0.43968871595330744,)","(0.5916230366492147,)","(0.3498452012383901,)"
160,"['V2', 'V14', 'V23', 'V4', 'V6', 'V5', 'V21']",7,3,-71.63911060951749,0.9663528752308098,"(0.33121019108280253,)","(0.4262295081967213,)","(0.2708333333333333,)",0.9526291380320523,"(0.2489451476793249,)","(0.39072847682119205,)","(0.1826625386996904,)"
161,"['V15', 'V25', 'V23', 'V12', 'V28', 'V17']",6,5,-19.527243818879274,0.9606165186552948,"(0.543778801843318,)","(0.48760330578512395,)","(0.6145833333333334,)",0.9512200748514974,"(0.47856154910096815,)","(0.4325,)","(0.5356037151702786,)"
162,"['V14', 'V16', 'V12', 'V4', 'V6', 'V22', 'V28']",7,3,-41.95576899510196,0.9686811234209678,"(0.5625,)","(0.5625,)","(0.5625,)",0.9511552741621173,"(0.4921630094043887,)","(0.4984126984126984,)","(0.48606811145510836,)"
163,"['V14', 'V10', 'V6', 'V21', 'V17', 'V26']",6,1,-166.74869597425652,0.973151506491984,"(0.5146198830409358,)","(0.5866666666666667,)","(0.4583333333333333,)",0.9510783442847559,"(0.4277673545966229,)","(0.5428571428571428,)","(0.35294117647058826,)"
164,"['V2', 'V16', 'V12', 'V7', 'V21', 'V24', 'V26']",7,3,-36.74719277718883,0.9327050177320555,"(0.5384615384615384,)","(0.5697674418604651,)","(0.5104166666666666,)",0.9345397106347664,"(0.4859504132231405,)","(0.5212765957446809,)","(0.4551083591331269,)"
165,"['V25', 'V23', 'V16', 'V11', 'V6', 'V24']",6,1,-35.97900565280272,0.9304974867375949,"(0.2838709677419355,)","(0.205607476635514,)","(0.4583333333333333,)",0.9124656271963736,"(0.23157894736842105,)","(0.16759002770083103,)","(0.3746130030959752,)"
166,"['V25', 'V12', 'V4', 'V27', 'V21', 'V17']",6,4,-30.205757086351465,0.9696485096280664,"(0.5561497326203207,)","(0.5714285714285714,)","(0.5416666666666666,)",0.9526304112617299,"(0.5204582651391163,)","(0.5520833333333334,)","(0.49226006191950467,)"
167,"['V15', 'V23', 'V4', 'V18', 'V20', 'V21']",6,2,-31.27462849165921,0.9256981080922654,"(0.26291079812206575,)","(0.23931623931623933,)","(0.2916666666666667,)",0.9110460933770227,"(0.21605839416058395,)","(0.20441988950276244,)","(0.22910216718266255,)"
168,"['V25', 'V10', 'V20', 'V9', 'V27', 'V21', 'V24', 'V26']",8,2,-107.46691910203573,0.9011287698936077,"(0.07339449541284403,)","(0.3076923076923077,)","(0.041666666666666664,)",0.9089290809896875,"(0.0345821325648415,)","(0.25,)","(0.018575851393188854,)"
169,"['V2', 'V12', 'V19', 'V13', 'V21', 'V22', 'V3', 'V26']",8,1,-158.67473582020514,0.9318557841671795,"(0.2906976744186046,)","(0.32894736842105265,)","(0.2604166666666667,)",0.9244827542129118,"(0.2541436464088398,)","(0.31363636363636366,)","(0.21362229102167182,)"
170,"['V14', 'V15', 'V12', 'V17', 'V5', 'V22', 'V28']",7,7,-30.435290520726056,0.9639020780210441,"(0.5901639344262296,)","(0.6206896551724138,)","(0.5625,)",0.9534135815376201,"(0.5137931034482758,)","(0.5797665369649806,)","(0.4613003095975232,)"
171,"['V23', 'V12', 'V10', 'V18', 'V11', 'V13', 'V5', 'V22']",8,1,-71.63105209926395,0.9532578988247017,"(0.36641221374045796,)","(0.2891566265060241,)","(0.5,)",0.9317433967083963,"(0.3113636363636364,)","(0.2459605026929982,)","(0.4241486068111455,)"
172,"['V14', 'V23', 'V7', 'V11', 'V5', 'V22', 'V1', 'V28']",8,4,-31.53861900753134,0.9608711421788447,"(0.47887323943661975,)","(0.4358974358974359,)","(0.53125,)",0.9589544593051755,"(0.4182825484764543,)","(0.37844611528822053,)","(0.4674922600619195,)"
173,"['V8', 'V10', 'V18', 'V9', 'V6', 'V28', 'V3']",7,1,-175.5584378003141,0.9246589143878777,"(0.3005780346820809,)","(0.33766233766233766,)","(0.2708333333333333,)",0.9159559350621369,"(0.2458100558659218,)","(0.308411214953271,)","(0.2043343653250774,)"
174,"['V23', 'V19', 'V17', 'V20', 'V13', 'V9', 'V28']",7,2,-42.66504767536691,0.9617647058823529,"(0.4444444444444444,)","(0.45161290322580644,)","(0.4375,)",0.9492563358631123,"(0.359621451104101,)","(0.3665594855305466,)","(0.35294117647058826,)"
175,"['V8', 'V7', 'V4', 'V20', 'V6', 'V3', 'V24', 'V26']",8,1,-279.6180591107803,0.9214517570854949,"(0.20833333333333334,)","(0.3125,)","(0.15625,)",0.9096488745830739,"(0.11111111111111112,)","(0.22018348623853212,)","(0.07430340557275542,)"
176,"['V2', 'V4', 'V18', 'V11', 'V13', 'V22', 'V17']",7,6,-31.588033789330822,0.9671433072481608,"(0.6187845303867403,)","(0.6588235294117647,)","(0.5833333333333334,)",0.9603189594470148,"(0.574750830564784,)","(0.6200716845878136,)","(0.5356037151702786,)"
177,"['V8', 'V2', 'V14', 'V12', 'V4', 'V17', 'V3']",7,7,-32.82644557910027,0.9752194525044695,"(0.49789029535864987,)","(0.41843971631205673,)","(0.6145833333333334,)",0.9638881740467443,"(0.4698162729658793,)","(0.40774487471526194,)","(0.5541795665634675,)"
178,"['V23', 'V7', 'V11', 'V13', 'V5', 'V27', 'V22']",7,1,-95.21730716018278,0.9263788138573815,"(0.1937984496124031,)","(0.15432098765432098,)","(0.2604166666666667,)",0.9024768555743579,"(0.1598119858989424,)","(0.12878787878787878,)","(0.21052631578947367,)"
179,"['V15', 'V16', 'V10', 'V4', 'V19', 'V1', 'V17']",7,7,-27.318247738026486,0.9840986693631114,"(0.6229508196721311,)","(0.6551724137931034,)","(0.59375,)",0.9633710082553364,"(0.561014263074485,)","(0.5746753246753247,)","(0.5479876160990712,)"
180,"['V2', 'V14', 'V25', 'V23', 'V10', 'V12', 'V26']",7,3,-35.49954071634062,0.9739355271256485,"(0.5742574257425742,)","(0.5471698113207547,)","(0.6041666666666666,)",0.9545627383337274,"(0.47197640117994105,)","(0.4507042253521127,)","(0.4953560371517028,)"
181,"['V2', 'V15', 'V23', 'V4', 'V17', 'V24', 'V26']",7,7,-24.60603761442367,0.9676389987983236,"(0.5268817204301075,)","(0.5444444444444444,)","(0.5104166666666666,)",0.9495867389644451,"(0.48217317487266553,)","(0.5338345864661654,)","(0.43962848297213625,)"
182,"['V10', 'V7', 'V18', 'V11', 'V6', 'V27', 'V28']",7,3,-33.62049625683211,0.9300406298543333,"(0.38222222222222224,)","(0.3333333333333333,)","(0.4479166666666667,)",0.9258908624712084,"(0.34002677376171353,)","(0.29952830188679247,)","(0.3931888544891641,)"
183,"['V25', 'V10', 'V12', 'V7', 'V4', 'V18', 'V5', 'V17']",8,6,-47.89529584222491,0.9731940048067059,"(0.6956521739130435,)","(0.7272727272727273,)","(0.6666666666666666,)",0.9588187430733583,"(0.6107382550335569,)","(0.6666666666666666,)","(0.5634674922600619,)"
184,"['V25', 'V16', 'V19', 'V18', 'V20', 'V13', 'V6', 'V3']",8,3,-42.0628123453067,0.9470872168000234,"(0.3857868020304568,)","(0.37623762376237624,)","(0.3958333333333333,)",0.9383586625345449,"(0.3447204968944099,)","(0.34579439252336447,)","(0.34365325077399383,)"
185,"['V2', 'V12', 'V7', 'V13', 'V5', 'V21', 'V22', 'V26']",8,6,-36.190740942059016,0.924400627216507,"(0.4623655913978495,)","(0.4777777777777778,)","(0.4479166666666667,)",0.9309921576925781,"(0.416260162601626,)","(0.4383561643835616,)","(0.39628482972136225,)"
186,"['V2', 'V25', 'V7', 'V11', 'V20', 'V1']",6,1,-118.54697116569194,0.9156089715407837,"(0.2037037037037037,)","(0.18333333333333332,)","(0.22916666666666666,)",0.9177760671453083,"(0.16494845360824742,)","(0.15730337078651685,)","(0.17337461300309598,)"
187,"['V25', 'V23', 'V10', 'V18', 'V13', 'V22', 'V24']",7,6,-26.44181213783557,0.9247554515079575,"(0.4311377245508982,)","(0.5070422535211268,)","(0.375,)",0.9283430358181455,"(0.3540489642184557,)","(0.4519230769230769,)","(0.29102167182662536,)"
188,"['V7', 'V4', 'V12', 'V11', 'V13', 'V24']",6,5,-34.323036849341015,0.9577227864239867,"(0.574585635359116,)","(0.611764705882353,)","(0.5416666666666666,)",0.947245386858524,"(0.5201342281879194,)","(0.5677655677655677,)","(0.47987616099071206,)"
189,"['V19', 'V20', 'V13', 'V9', 'V27', 'V1', 'V17']",7,4,-26.204674538078606,0.9656173979307717,"(0.5306122448979592,)","(0.52,)","(0.5416666666666666,)",0.9525034233544132,"(0.4402515723270441,)","(0.4472843450479233,)","(0.43343653250773995,)"
190,"['V15', 'V19', 'V13', 'V6', 'V3', 'V26']",6,7,-23.073613178163434,0.9245109030159149,"(0.2676056338028169,)","(0.41304347826086957,)","(0.19791666666666666,)",0.8911803262962655,"(0.22457627118644072,)","(0.35570469798657717,)","(0.16408668730650156,)"
191,"['V23', 'V16', 'V4', 'V19', 'V21', 'V1']",6,7,-23.316388587019464,0.9545134309329114,"(0.48000000000000004,)","(0.46153846153846156,)","(0.5,)",0.9459891950043895,"(0.4082934609250399,)","(0.42105263157894735,)","(0.39628482972136225,)"
192,"['V8', 'V15', 'V11', 'V13', 'V5', 'V21', 'V22', 'V17']",8,7,-27.009219088136664,0.9612536270113428,"(0.44651162790697674,)","(0.40336134453781514,)","(0.5,)",0.9535880307564712,"(0.39883551673944684,)","(0.37637362637362637,)","(0.4241486068111455,)"
193,"['V7', 'V12', 'V18', 'V13', 'V6', 'V3', 'V26']",7,4,-40.745874794712265,0.9291637357484099,"(0.6077348066298343,)","(0.6470588235294118,)","(0.5729166666666666,)",0.9221946264581182,"(0.5187713310580204,)","(0.5779467680608364,)","(0.47058823529411764,)"
194,"['V2', 'V10', 'V4', 'V12', 'V13', 'V22', 'V24', 'V26']",8,7,-29.834404228317865,0.9692414783551686,"(0.5775401069518715,)","(0.5934065934065934,)","(0.5625,)",0.9482962871801704,"(0.49917355371900834,)","(0.5354609929078015,)","(0.4674922600619195,)"
195,"['V23', 'V10', 'V4', 'V20', 'V9', 'V1', 'V24']",7,1,-117.42353713393643,0.9483405507195404,"(0.21395348837209302,)","(0.19327731092436976,)","(0.23958333333333334,)",0.93211549808167,"(0.152327221438646,)","(0.13989637305699482,)","(0.16718266253869968,)"
196,"['V8', 'V23', 'V13', 'V9', 'V21', 'V3']",6,3,-44.48211327665084,0.891485682464316,"(0.21428571428571427,)","(0.3409090909090909,)","(0.15625,)",0.8923933623655388,"(0.1182033096926714,)","(0.25,)","(0.07739938080495357,)"
197,"['V2', 'V23', 'V16', 'V12', 'V9', 'V5', 'V21', 'V26']",8,6,-32.097858840975384,0.9273676324042323,"(0.4541484716157205,)","(0.39097744360902253,)","(0.5416666666666666,)",0.9301826349129663,"(0.3891050583657587,)","(0.33482142857142855,)","(0.46439628482972134,)"
198,"['V10', 'V4', 'V7', 'V20', 'V27', 'V24']",6,1,-153.6128447648009,0.9565582959641256,"(0.26519337016574585,)","(0.2823529411764706,)","(0.25,)",0.9397813459220457,"(0.21946902654867254,)","(0.256198347107438,)","(0.19195046439628483,)"
199,"['V8', 'V15', 'V12', 'V10', 'V11', 'V6', 'V1', 'V28']",8,6,-27.991785211509608,0.9541175737858671,"(0.4541484716157205,)","(0.39097744360902253,)","(0.5416666666666666,)",0.9469889651026676,"(0.40700808625336926,)","(0.360381861575179,)","(0.4674922600619195,)"
200,"['V25', 'V18', 'V13', 'V6', 'V27', 'V21', 'V26']",7,1,-275.60528164176117,0.8564379451332103,"(0.07079646017699115,)","(0.23529411764705882,)","(0.041666666666666664,)",0.8410052764815733,"(0.03296703296703297,)","(0.14634146341463414,)","(0.018575851393188854,)"
201,"['V2', 'V16', 'V7', 'V18', 'V13', 'V3']",6,5,-35.163304578920325,0.9284903572789355,"(0.4662576687116564,)","(0.5671641791044776,)","(0.3958333333333333,)",0.9383915152108311,"(0.4163568773234201,)","(0.5209302325581395,)","(0.34674922600619196,)"
202,"['V7', 'V10', 'V6', 'V5', 'V1']",5,4,-32.3164334679555,0.9443251927078753,"(0.287292817679558,)","(0.3058823529411765,)","(0.2708333333333333,)",0.9362313637916565,"(0.24149659863945577,)","(0.2679245283018868,)","(0.21981424148606812,)"
203,"['V14', 'V16', 'V7', 'V4', 'V11', 'V6', 'V5', 'V28']",8,1,-117.40075154396456,0.96879213194994,"(0.4242424242424242,)","(0.362962962962963,)","(0.5104166666666666,)",0.9546896759819778,"(0.35519125683060115,)","(0.31784841075794623,)","(0.4024767801857585,)"
204,"['V8', 'V12', 'V7', 'V18', 'V20', 'V28', 'V26']",7,3,-32.00757720822444,0.9207869881883993,"(0.4732142857142857,)","(0.4140625,)","(0.5520833333333334,)",0.9256251930471675,"(0.42600276625172895,)","(0.385,)","(0.47678018575851394,)"
205,"['V14', 'V25', 'V18', 'V6', 'V5', 'V21', 'V28', 'V3']",8,1,-245.2179943729701,0.9508785427474429,"(0.3225806451612903,)","(0.423728813559322,)","(0.2604166666666667,)",0.9367526675795166,"(0.24950495049504948,)","(0.34615384615384615,)","(0.19504643962848298,)"
206,"['V8', 'V14', 'V16', 'V10', 'V7', 'V11', 'V17', 'V3']",8,4,-66.1530590907831,0.9676816802954367,"(0.7956989247311829,)","(0.8222222222222222,)","(0.7708333333333334,)",0.9581501969744947,"(0.7269736842105263,)","(0.775438596491228,)","(0.6842105263157895,)"
207,"['V2', 'V15', 'V16', 'V18', 'V20', 'V27', 'V28', 'V24']",8,6,-28.809063313911224,0.9229410299246754,"(0.43575418994413406,)","(0.46987951807228917,)","(0.40625,)",0.9195506310084398,"(0.37037037037037035,)","(0.4059040590405904,)","(0.34055727554179566,)"
208,"['V25', 'V4', 'V20', 'V6', 'V27', 'V22', 'V3']",7,1,-146.30243732331792,0.9271135584278554,"(0.1764705882352941,)","(0.20270270270270271,)","(0.15625,)",0.9013492766706813,"(0.09022556390977442,)","(0.11483253588516747,)","(0.07430340557275542,)"
209,"['V14', 'V23', 'V10', 'V11', 'V20', 'V17']",6,5,-27.33712073780015,0.9713347035376183,"(0.6169154228855722,)","(0.5904761904761905,)","(0.6458333333333334,)",0.9651432099423556,"(0.5741029641185648,)","(0.5786163522012578,)","(0.5696594427244582,)"
210,"['V12', 'V7', 'V9', 'V27', 'V21', 'V28']",6,5,-37.421105793517334,0.924906393798177,"(0.4685714285714285,)","(0.5189873417721519,)","(0.4270833333333333,)",0.927099157435235,"(0.41946308724832215,)","(0.45787545787545786,)","(0.38699690402476783,)"
211,"['V2', 'V12', 'V11', 'V22', 'V17']",5,7,-20.764420253315375,0.9628914607696591,"(0.6000000000000001,)","(0.6891891891891891,)","(0.53125,)",0.9555179118872459,"(0.5630712979890311,)","(0.6875,)","(0.47678018575851394,)"
212,"['V8', 'V15', 'V10', 'V4', 'V11', 'V5', 'V28']",7,4,-45.601948434155716,0.9617469371904217,"(0.4444444444444444,)","(0.6666666666666666,)","(0.3333333333333333,)",0.946863853533823,"(0.38923395445134573,)","(0.5875,)","(0.29102167182662536,)"
213,"['V8', 'V15', 'V9', 'V27', 'V21', 'V1', 'V28', 'V24']",8,3,-36.4832255327661,0.8992733154547319,"(0.14883720930232558,)","(0.13445378151260504,)","(0.16666666666666666,)",0.894191765779081,"(0.1051051051051051,)","(0.10204081632653061,)","(0.10835913312693499,)"
214,"['V23', 'V10', 'V4', 'V7', 'V5', 'V21', 'V26']",7,2,-54.56331877630024,0.9416217869808611,"(0.2780748663101604,)","(0.2857142857142857,)","(0.2708333333333333,)",0.9350232363578508,"(0.23178807947019867,)","(0.2491103202846975,)","(0.21671826625386997,)"
215,"['V8', 'V25', 'V16', 'V7', 'V18', 'V13', 'V3', 'V24']",8,7,-39.880196230370224,0.9368890867258712,"(0.46428571428571425,)","(0.5416666666666666,)","(0.40625,)",0.9343583089117549,"(0.4232209737827715,)","(0.5355450236966824,)","(0.3498452012383901,)"
216,"['V15', 'V16', 'V7', 'V12', 'V11', 'V13', 'V22']",7,6,-38.66553148181345,0.9413406020106099,"(0.5568181818181818,)","(0.6125,)","(0.5104166666666666,)",0.9415822790419207,"(0.4859154929577465,)","(0.563265306122449,)","(0.42724458204334365,)"
217,"['V19', 'V11', 'V20', 'V1', 'V24']",5,1,-68.44516219080128,0.9248452108795685,"(0.1923076923076923,)","(0.17857142857142858,)","(0.20833333333333334,)",0.9107031087561127,"(0.0919175911251981,)","(0.09415584415584416,)","(0.08978328173374613,)"
218,"['V8', 'V25', 'V12', 'V18', 'V5', 'V27', 'V22']",7,7,-27.47920589965622,0.9297632917142941,"(0.48554913294797686,)","(0.5454545454545454,)","(0.4375,)",0.9205856997242269,"(0.45454545454545453,)","(0.5506607929515418,)","(0.38699690402476783,)"
219,"['V8', 'V25', 'V4', 'V13', 'V5', 'V28', 'V3']",7,6,-26.473206382527096,0.933157844602714,"(0.2528735632183908,)","(0.28205128205128205,)","(0.22916666666666666,)",0.9312393652862943,"(0.1933085501858736,)","(0.24186046511627907,)","(0.1609907120743034,)"
220,"['V2', 'V15', 'V10', 'V7', 'V21', 'V1', 'V28', 'V3']",8,3,-47.31220777236625,0.9519285442129019,"(0.25263157894736843,)","(0.2553191489361702,)","(0.25,)",0.9430924969697553,"(0.2168284789644013,)","(0.2271186440677966,)","(0.20743034055727555,)"
221,"['V2', 'V15', 'V14', 'V11', 'V13', 'V5', 'V3', 'V26']",8,7,-27.493755000881592,0.9703326958586125,"(0.5858585858585857,)","(0.5686274509803921,)","(0.6041666666666666,)",0.9558895274228794,"(0.5184049079754601,)","(0.513677811550152,)","(0.5232198142414861,)"
222,"['V14', 'V23', 'V12', 'V11', 'V20', 'V6', 'V5', 'V28']",8,6,-34.89215751925827,0.9682118101351154,"(0.49056603773584906,)","(0.4482758620689655,)","(0.5416666666666666,)",0.960636412462285,"(0.417462482946794,)","(0.37317073170731707,)","(0.47368421052631576,)"
223,"['V2', 'V7', 'V12', 'V10', 'V19', 'V5', 'V22']",7,7,-29.87673316595046,0.9545934816377971,"(0.5492227979274611,)","(0.5463917525773195,)","(0.5520833333333334,)",0.9492037481268237,"(0.5032679738562092,)","(0.532871972318339,)","(0.47678018575851394,)"
224,"['V16', 'V18', 'V11', 'V13', 'V21', 'V17', 'V3']",7,5,-30.352884718086326,0.9702933116445382,"(0.5925925925925927,)","(0.6021505376344086,)","(0.5833333333333334,)",0.9578342684842334,"(0.5116279069767442,)","(0.5519713261648745,)","(0.47678018575851394,)"
225,"['V8', 'V16', 'V7', 'V12', 'V19', 'V13', 'V27', 'V1']",8,6,-32.976846309467106,0.9381321624314898,"(0.4554455445544555,)","(0.4339622641509434,)","(0.4791666666666667,)",0.938966646458613,"(0.40930232558139534,)","(0.40993788819875776,)","(0.4086687306501548,)"
226,"['V2', 'V14', 'V7', 'V4', 'V17', 'V21', 'V28', 'V3']",8,1,-199.29654758049838,0.9717985213517395,"(0.4313725490196078,)","(0.4074074074074074,)","(0.4583333333333333,)",0.9615527692636594,"(0.3609022556390977,)","(0.3508771929824561,)","(0.3715170278637771,)"
227,"['V8', 'V10', 'V6', 'V1', 'V3', 'V26']",6,2,-62.37006861160227,0.9083162973709664,"(0.2933333333333333,)","(0.4074074074074074,)","(0.22916666666666666,)",0.9093251726905703,"(0.2384937238493724,)","(0.36774193548387096,)","(0.17647058823529413,)"
228,"['V2', 'V23', 'V10', 'V12', 'V27', 'V28', 'V17', 'V24']",8,4,-40.876714703850695,0.9601724845394062,"(0.5408163265306124,)","(0.53,)","(0.5520833333333334,)",0.9475206892702572,"(0.4596651445966514,)","(0.45209580838323354,)","(0.4674922600619195,)"
229,"['V2', 'V25', 'V19', 'V11', 'V9', 'V22', 'V26']",7,1,-61.28855784797958,0.9143796345144934,"(0.26455026455026454,)","(0.26881720430107525,)","(0.2604166666666667,)",0.9055565133630563,"(0.19561551433389546,)","(0.21481481481481482,)","(0.17956656346749225,)"
230,"['V8', 'V25', 'V7', 'V10', 'V18', 'V21']",6,1,-145.43906259043305,0.9309307130924117,"(0.244131455399061,)","(0.2222222222222222,)","(0.2708333333333333,)",0.9242803609532423,"(0.21571648690292755,)","(0.2147239263803681,)","(0.21671826625386997,)"
231,"['V16', 'V7', 'V18', 'V5', 'V28', 'V3', 'V24']",7,6,-29.788056678093177,0.9380418535127056,"(0.48863636363636365,)","(0.5375,)","(0.4479166666666667,)",0.9411760015036172,"(0.4105263157894737,)","(0.47368421052631576,)","(0.3622291021671827,)"
232,"['V25', 'V16', 'V7', 'V19', 'V18', 'V11', 'V6', 'V24']",8,3,-34.63172636872767,0.9475383950291627,"(0.42396313364055305,)","(0.38016528925619836,)","(0.4791666666666667,)",0.9382942974237387,"(0.3647058823529412,)","(0.3473389355742297,)","(0.38390092879256965,)"
233,"['V8', 'V10', 'V18', 'V11', 'V27', 'V17', 'V24']",7,6,-28.524188809412202,0.9617108502593863,"(0.6395348837209303,)","(0.7236842105263158,)","(0.5729166666666666,)",0.9496195916407312,"(0.5591397849462366,)","(0.6638297872340425,)","(0.48297213622291024,)"
234,"['V14', 'V25', 'V23', 'V4', 'V19', 'V6', 'V5']",7,7,-28.43611731401961,0.9768558208036577,"(0.5026178010471204,)","(0.5052631578947369,)","(0.5,)",0.9608959167742028,"(0.47244094488188976,)","(0.4807692307692308,)","(0.46439628482972134,)"
235,"['V2', 'V18', 'V6', 'V21', 'V22', 'V28']",6,2,-24.90286409830449,0.8891125545883525,"(0.20245398773006135,)","(0.14347826086956522,)","(0.34375,)",0.9004920077781602,"(0.1634615384615385,)","(0.11854951185495119,)","(0.2631578947368421,)"
236,"['V8', 'V15', 'V23', 'V16', 'V19', 'V20', 'V13', 'V27']",8,6,-28.86605264458195,0.9174140508221226,"(0.3842364532019704,)","(0.3644859813084112,)","(0.40625,)",0.9130036672532849,"(0.32473444613050073,)","(0.31845238095238093,)","(0.33126934984520123,)"
237,"['V25', 'V12', 'V11', 'V13', 'V27', 'V28', 'V26']",7,5,-23.17987896126631,0.9308371068905889,"(0.44827586206896547,)","(0.38235294117647056,)","(0.5416666666666666,)",0.9191290077019171,"(0.3861111111111112,)","(0.3501259445843829,)","(0.43034055727554177,)"
238,"['V23', 'V16', 'V19', 'V11', 'V20', 'V22', 'V1', 'V28']",8,3,-30.8161107528292,0.9515270084117353,"(0.3703703703703704,)","(0.30612244897959184,)","(0.46875,)",0.9418176087429868,"(0.29638854296388545,)","(0.24791666666666667,)","(0.3684210526315789,)"
239,"['V8', 'V15', 'V12', 'V6', 'V27', 'V21', 'V22', 'V3']",8,1,-245.57761171291543,0.9146320598493508,"(0.25,)","(0.3125,)","(0.20833333333333334,)",0.903482355206185,"(0.16806722689075632,)","(0.26143790849673204,)","(0.1238390092879257,)"
240,"['V2', 'V14', 'V19', 'V13', 'V5', 'V27', 'V21']",7,7,-28.552873366233904,0.9585635935988746,"(0.45871559633027525,)","(0.4098360655737705,)","(0.5208333333333334,)",0.9543163013790268,"(0.39660056657223797,)","(0.36553524804177545,)","(0.43343653250773995,)"
241,"['V2', 'V23', 'V13', 'V6', 'V22', 'V1', 'V24']",7,7,-28.92069682703171,0.8749992672704359,"(0.19047619047619047,)","(0.27450980392156865,)","(0.14583333333333334,)",0.8741976873022631,"(0.06881720430107527,)","(0.11267605633802817,)","(0.04953560371517028,)"
242,"['V11', 'V6', 'V27', 'V1', 'V24', 'V26']",6,1,-83.50289348968647,0.8956877033324542,"(0.1862745098039216,)","(0.17592592592592593,)","(0.19791666666666666,)",0.8628443987853858,"(0.08460236886632827,)","(0.09328358208955224,)","(0.07739938080495357,)"
243,"['V15', 'V10', 'V13', 'V6', 'V21', 'V3', 'V26']",7,4,-58.09188858097057,0.9323600852897211,"(0.36764705882352944,)","(0.625,)","(0.2604166666666667,)",0.9208725952272349,"(0.31319910514541394,)","(0.5645161290322581,)","(0.21671826625386997,)"
244,"['V7', 'V10', 'V11', 'V21', 'V22', 'V17', 'V26']",7,7,-29.717048643009505,0.9620706204753949,"(0.5662650602409638,)","(0.6714285714285714,)","(0.4895833333333333,)",0.9550591973898523,"(0.4914285714285714,)","(0.6386138613861386,)","(0.3993808049535604,)"
245,"['V14', 'V10', 'V4', 'V12', 'V13', 'V9', 'V24']",7,7,-22.950277907727564,0.9762923517688091,"(0.5320197044334976,)","(0.5046728971962616,)","(0.5625,)",0.9634680082531417,"(0.5104477611940299,)","(0.49279538904899134,)","(0.5294117647058824,)"
246,"['V16', 'V10', 'V7', 'V9', 'V5', 'V1', 'V3', 'V26']",8,5,-39.164523634200705,0.9584967320261438,"(0.4712041884816754,)","(0.47368421052631576,)","(0.46875,)",0.9463563709891736,"(0.38719999999999993,)","(0.40066225165562913,)","(0.3746130030959752,)"
247,"['V10', 'V11', 'V20', 'V5', 'V3', 'V24', 'V26']",7,3,-51.077805384027855,0.9342432002696444,"(0.38410596026490057,)","(0.5272727272727272,)","(0.3020833333333333,)",0.9360869192353392,"(0.3220338983050848,)","(0.5100671140939598,)","(0.23529411764705882,)"
248,"['V16', 'V7', 'V10', 'V20', 'V13', 'V22', 'V24']",7,5,-29.17098527958139,0.9490771271139247,"(0.4648648648648649,)","(0.48314606741573035,)","(0.4479166666666667,)",0.9445329385606537,"(0.3909249563699826,)","(0.448,)","(0.34674922600619196,)"
249,"['V12', 'V19', 'V11', 'V9', 'V6', 'V22', 'V28']",7,2,-33.47719446233573,0.9415965078108971,"(0.39669421487603307,)","(0.3287671232876712,)","(0.5,)",0.9273438520756401,"(0.35419440745672437,)","(0.3107476635514019,)","(0.4117647058823529,)"
250,"['V8', 'V10', 'V19', 'V17', 'V3', 'V26']",6,7,-23.302875736413178,0.9684999560362262,"(0.6129032258064516,)","(0.6333333333333333,)","(0.59375,)",0.9550779440215525,"(0.5049180327868853,)","(0.5365853658536586,)","(0.47678018575851394,)"
251,"['V14', 'V25', 'V19', 'V20', 'V9', 'V5', 'V27', 'V1']",8,2,-174.00339137041544,0.958641995662241,"(0.32098765432098764,)","(0.3939393939393939,)","(0.2708333333333333,)",0.9489912360418218,"(0.22626262626262628,)","(0.32558139534883723,)","(0.17337461300309598,)"
252,"['V14', 'V10', 'V4', 'V19', 'V13', 'V6', 'V17']",7,7,-30.975720773469074,0.9843490796916674,"(0.6596858638743456,)","(0.6631578947368421,)","(0.65625,)",0.9652164541548609,"(0.6047999999999999,)","(0.6258278145695364,)","(0.5851393188854489,)"
253,"['V15', 'V25', 'V16', 'V7', 'V4', 'V13', 'V17']",7,7,-25.883306561684392,0.9758102157155837,"(0.5502645502645503,)","(0.5591397849462365,)","(0.5416666666666666,)",0.9626214948007918,"(0.49185667752443,)","(0.5189003436426117,)","(0.4674922600619195,)"
254,"['V14', 'V4', 'V20', 'V6', 'V22', 'V1', 'V17']",7,1,-105.6552616216662,0.9756105469093468,"(0.4727272727272728,)","(0.41935483870967744,)","(0.5416666666666666,)",0.9560004491820279,"(0.4083916083916084,)","(0.37244897959183676,)","(0.4520123839009288,)"
255,"['V14', 'V23', 'V10', 'V11', 'V6', 'V5', 'V1', 'V24']",8,6,-31.831969952884226,0.9673572642808992,"(0.5555555555555555,)","(0.5392156862745098,)","(0.5729166666666666,)",0.9557650859749177,"(0.4727272727272728,)","(0.4629080118694362,)","(0.48297213622291024,)"
256,"['V25', 'V10', 'V9', 'V27', 'V1', 'V28']",6,6,-23.496679249022343,0.9425508880682317,"(0.2793296089385475,)","(0.30120481927710846,)","(0.2604166666666667,)",0.9377077071088584,"(0.20105820105820107,)","(0.2336065573770492,)","(0.17647058823529413,)"
257,"['V14', 'V10', 'V20', 'V13', 'V22', 'V17', 'V3', 'V24']",8,2,-44.27874325512935,0.9685003224010081,"(0.6153846153846154,)","(0.6060606060606061,)","(0.625,)",0.9628261329654191,"(0.5513866231647635,)","(0.5827586206896552,)","(0.5232198142414861,)"
258,"['V8', 'V14', 'V23', 'V7', 'V10', 'V19', 'V3', 'V26']",8,7,-32.10041501163965,0.9687978106040622,"(0.5524861878453039,)","(0.5882352941176471,)","(0.5208333333333334,)",0.9600577630798676,"(0.49391304347826087,)","(0.5634920634920635,)","(0.43962848297213625,)"
259,"['V8', 'V25', 'V16', 'V7', 'V13', 'V6', 'V21']",7,3,-59.3750103004548,0.9179703757437204,"(0.37681159420289856,)","(0.6190476190476191,)","(0.2708333333333333,)",0.9171125134470226,"(0.3087557603686636,)","(0.6036036036036037,)","(0.20743034055727555,)"
260,"['V8', 'V2', 'V16', 'V20', 'V21', 'V26']",6,2,-44.82067543614839,0.9168456358627158,"(0.2950819672131148,)","(0.3103448275862069,)","(0.28125,)",0.9138235936596042,"(0.23783783783783788,)","(0.28448275862068967,)","(0.2043343653250774,)"
261,"['V14', 'V25', 'V12', 'V10', 'V18', 'V5', 'V1']",7,5,-38.02826127984371,0.9770979879246169,"(0.5934065934065934,)","(0.627906976744186,)","(0.5625,)",0.9515853074857211,"(0.5068493150684932,)","(0.5670498084291188,)","(0.4582043343653251,)"
262,"['V16', 'V7', 'V4', 'V10', 'V11', 'V9', 'V27']",7,4,-36.81904089891411,0.9735836337524546,"(0.5081081081081081,)","(0.5280898876404494,)","(0.4895833333333333,)",0.9554450697472705,"(0.4565587734241908,)","(0.5075757575757576,)","(0.4148606811145511,)"
263,"['V15', 'V19', 'V27', 'V21', 'V22', 'V1', 'V28']",7,5,-21.63771390261164,0.910358781031097,"(0.13675213675213677,)","(0.11594202898550725,)","(0.16666666666666666,)",0.9115489353345577,"(0.08253094910591471,)","(0.07425742574257425,)","(0.09287925696594428,)"
264,"['V19', 'V18', 'V9', 'V5', 'V6', 'V22', 'V28', 'V3']",8,7,-47.317211867234654,0.9365441542835371,"(0.36111111111111105,)","(0.5416666666666666,)","(0.2708333333333333,)",0.9285625339133521,"(0.30042918454935624,)","(0.48951048951048953,)","(0.21671826625386997,)"
265,"['V25', 'V23', 'V12', 'V10', 'V13', 'V22']",6,7,-26.620479369894095,0.931708871889563,"(0.41379310344827586,)","(0.46153846153846156,)","(0.375,)",0.939233438335133,"(0.3659420289855072,)","(0.4410480349344978,)","(0.3126934984520124,)"
266,"['V8', 'V14', 'V23', 'V7', 'V11', 'V13', 'V6', 'V17']",8,2,-63.0125645847044,0.9679102919194584,"(0.5181347150259067,)","(0.5154639175257731,)","(0.5208333333333334,)",0.9588331339193193,"(0.4566929133858268,)","(0.46474358974358976,)","(0.44891640866873067,)"
267,"['V15', 'V14', 'V16', 'V20', 'V13', 'V9', 'V17']",7,5,-43.308227464370916,0.9689104677745538,"(0.6424870466321243,)","(0.6391752577319587,)","(0.6458333333333334,)",0.9624933174289076,"(0.5870967741935484,)","(0.6127946127946128,)","(0.5634674922600619,)"
268,"['V25', 'V16', 'V11', 'V20', 'V6', 'V28', 'V3']",7,7,-25.94346046819419,0.9512324511269381,"(0.4903846153846154,)","(0.45535714285714285,)","(0.53125,)",0.9435137684628145,"(0.4163027656477439,)","(0.39285714285714285,)","(0.44272445820433437,)"
269,"['V14', 'V25', 'V23', 'V18', 'V11', 'V6', 'V28', 'V24']",8,1,-59.62197739063873,0.9560732289926434,"(0.3176470588235294,)","(0.22131147540983606,)","(0.5625,)",0.9377443292151111,"(0.2802547770700637,)","(0.19845360824742267,)","(0.47678018575851394,)"
270,"['V2', 'V15', 'V11', 'V9', 'V27', 'V21', 'V28']",7,7,-32.585918247160485,0.9258274348603417,"(0.3535911602209945,)","(0.3764705882352941,)","(0.3333333333333333,)",0.9189327963073928,"(0.33797909407665505,)","(0.38645418326693226,)","(0.30030959752321984,)"
271,"['V14', 'V25', 'V23', 'V10', 'V18', 'V20', 'V28', 'V3']",8,3,-39.67222899903359,0.9568497391482751,"(0.543778801843318,)","(0.48760330578512395,)","(0.6145833333333334,)",0.9564633351819176,"(0.4583901773533425,)","(0.4097560975609756,)","(0.5201238390092879,)"
272,"['V7', 'V12', 'V10', 'V20', 'V6', 'V5']",6,5,-37.5258187833161,0.9404486869486209,"(0.45508982035928147,)","(0.5352112676056338,)","(0.3958333333333333,)",0.9465210029370896,"(0.4035714285714286,)","(0.4767932489451477,)","(0.3498452012383901,)"
273,"['V16', 'V7', 'V12', 'V3', 'V24']",5,4,-22.92659650389667,0.9262690876051468,"(0.6440677966101694,)","(0.7037037037037037,)","(0.59375,)",0.9293890275043242,"(0.5568760611205432,)","(0.6165413533834586,)","(0.5077399380804953,)"
274,"['V2', 'V7', 'V11', 'V13', 'V28', 'V24']",6,7,-24.914949746162794,0.9245336176324044,"(0.4052287581699347,)","(0.543859649122807,)","(0.3229166666666667,)",0.9290620587725165,"(0.3460764587525151,)","(0.4942528735632184,)","(0.26625386996904027,)"
275,"['V23', 'V16', 'V7', 'V4', 'V13', 'V22', 'V24']",7,1,-134.51164967916927,0.9438529485037663,"(0.29714285714285715,)","(0.3291139240506329,)","(0.2708333333333333,)",0.9348726769484765,"(0.24778761061946902,)","(0.2892561983471074,)","(0.21671826625386997,)"
276,"['V8', 'V23', 'V13', 'V6', 'V27', 'V21', 'V17']",7,7,-34.694558013147855,0.9398128608693104,"(0.4624277456647399,)","(0.5194805194805194,)","(0.4166666666666667,)",0.9308125485429284,"(0.4044526901669759,)","(0.5046296296296297,)","(0.33746130030959753,)"
277,"['V8', 'V15', 'V10', 'V7', 'V20', 'V13', 'V6', 'V5']",8,1,-122.89519703955101,0.922977849585275,"(0.208,)","(0.16883116883116883,)","(0.2708333333333333,)",0.9101976868331785,"(0.1887287024901704,)","(0.16363636363636364,)","(0.22291021671826625,)"
278,"['V7', 'V19', 'V20', 'V9', 'V6', 'V22', 'V17']",7,2,-55.199006812005194,0.963906108033647,"(0.43979057591623033,)","(0.4421052631578947,)","(0.4375,)",0.9541912735752924,"(0.3841059602649007,)","(0.4128113879003559,)","(0.3591331269349845,)"
279,"['V2', 'V25', 'V10', 'V4', 'V18', 'V11', 'V20', 'V3']",8,7,-31.46611184525887,0.9714206160790175,"(0.49246231155778897,)","(0.47572815533980584,)","(0.5104166666666666,)",0.958230779010668,"(0.467175572519084,)","(0.4608433734939759,)","(0.47368421052631576,)"
280,"['V15', 'V18', 'V11', 'V6', 'V21', 'V1', 'V17']",7,1,-200.0218278251522,0.9595274993405433,"(0.4076433121019108,)","(0.5245901639344263,)","(0.3333333333333333,)",0.9349909867903594,"(0.3541247484909456,)","(0.5057471264367817,)","(0.2724458204334365,)"
281,"['V14', 'V23', 'V12', 'V20', 'V5', 'V27', 'V17']",7,6,-30.193202915247035,0.9658150517307071,"(0.542713567839196,)","(0.5242718446601942,)","(0.5625,)",0.9588980686328762,"(0.48348348348348347,)","(0.46938775510204084,)","(0.4984520123839009,)"
282,"['V10', 'V19', 'V11', 'V17', 'V5', 'V22', 'V28', 'V24']",8,6,-28.943711485819016,0.9626143058120109,"(0.5527638190954773,)","(0.5339805825242718,)","(0.5729166666666666,)",0.9537056369714269,"(0.4875776397515528,)","(0.48909657320872274,)","(0.48606811145510836,)"
283,"['V2', 'V19', 'V18', 'V1', 'V28', 'V3']",6,3,-36.88965092150306,0.9490947126234649,"(0.31952662721893493,)","(0.3698630136986301,)","(0.28125,)",0.9366545451292323,"(0.24416517055655293,)","(0.2905982905982906,)","(0.21052631578947367,)"
284,"['V2', 'V14', 'V16', 'V12', 'V7', 'V3']",6,1,-144.5138967862289,0.9581697514581319,"(0.5635359116022098,)","(0.6,)","(0.53125,)",0.9566012293066042,"(0.4620573355817875,)","(0.5074074074074074,)","(0.4241486068111455,)"
285,"['V23', 'V7', 'V4', 'V10', 'V18', 'V20', 'V13', 'V6']",8,6,-33.34454585375769,0.9626721914475805,"(0.37696335078534027,)","(0.37894736842105264,)","(0.375,)",0.9490702935529864,"(0.31921824104234525,)","(0.33676975945017185,)","(0.30340557275541796,)"
286,"['V10', 'V4', 'V18', 'V6', 'V9', 'V28']",6,4,-30.90455928749422,0.9659892581845893,"(0.40229885057471265,)","(0.44871794871794873,)","(0.3645833333333333,)",0.9402210457393857,"(0.336283185840708,)","(0.3925619834710744,)","(0.29411764705882354,)"
287,"['V8', 'V4', 'V9', 'V5', 'V6', 'V26']",6,3,-28.58145408106952,0.9282514874410152,"(0.20689655172413793,)","(0.17647058823529413,)","(0.25,)",0.9071282986470109,"(0.18132611637347765,)","(0.16105769230769232,)","(0.20743034055727555,)"
288,"['V2', 'V14', 'V23', 'V4', 'V22', 'V28', 'V3', 'V24']",8,2,-42.25753347153221,0.9616732978692226,"(0.3923444976076555,)","(0.36283185840707965,)","(0.4270833333333333,)",0.9515972021313932,"(0.3251088534107402,)","(0.30601092896174864,)","(0.34674922600619196,)"
289,"['V16', 'V10', 'V12', 'V9', 'V6', 'V28', 'V3', 'V26']",8,7,-35.32547076937383,0.9506336278906181,"(0.6033519553072625,)","(0.6506024096385542,)","(0.5625,)",0.9382739425019194,"(0.52,)","(0.5631768953068592,)","(0.48297213622291024,)"
290,"['V10', 'V19', 'V9', 'V5', 'V1', 'V3', 'V24', 'V26']",8,7,-42.31816111110098,0.9489952445851285,"(0.36764705882352944,)","(0.625,)","(0.2604166666666667,)",0.9357983316771017,"(0.29594272076372313,)","(0.6458333333333334,)","(0.19195046439628483,)"
291,"['V14', 'V7', 'V13', 'V6', 'V1', 'V17']",6,5,-29.7579165522617,0.9744233418329964,"(0.5833333333333334,)","(0.5833333333333334,)","(0.5833333333333334,)",0.963754937262194,"(0.5216000000000001,)","(0.5397350993377483,)","(0.5046439628482973,)"
292,"['V14', 'V25', 'V16', 'V20', 'V27']",5,1,-74.7179868814527,0.9651242709340837,"(0.34351145038167935,)","(0.2710843373493976,)","(0.46875,)",0.9556285655980411,"(0.2959309494451295,)","(0.2459016393442623,)","(0.3715170278637771,)"
293,"['V8', 'V15', 'V23', 'V4', 'V19', 'V20', 'V27', 'V17']",8,3,-51.62329799998357,0.9659018801840615,"(0.4333333333333333,)","(0.4642857142857143,)","(0.40625,)",0.9534369352503905,"(0.37894736842105264,)","(0.43724696356275305,)","(0.33436532507739936,)"
294,"['V15', 'V23', 'V16', 'V11', 'V6', 'V28', 'V3']",7,5,-27.58351306247801,0.9468461487734106,"(0.45370370370370366,)","(0.4083333333333333,)","(0.5104166666666666,)",0.9381978335226397,"(0.38971583220568334,)","(0.34615384615384615,)","(0.4458204334365325,)"
295,"['V2', 'V25', 'V23', 'V16', 'V12', 'V4', 'V20']",7,7,-28.52411765202261,0.9509153624080424,"(0.5463917525773196,)","(0.5408163265306123,)","(0.5520833333333334,)",0.9469274144995699,"(0.49358974358974367,)","(0.5116279069767442,)","(0.47678018575851394,)"
296,"['V8', 'V25', 'V19', 'V20', 'V1', 'V26']",6,1,-129.82503404698312,0.8430498769014332,"(0.12290502793296088,)","(0.13253012048192772,)","(0.11458333333333333,)",0.8222351570444204,"(0.04805914972273568,)","(0.05963302752293578,)","(0.04024767801857585,)"
297,"['V15', 'V25', 'V7', 'V6', 'V27', 'V1', 'V17']",7,5,-29.575354370466044,0.9557924103871743,"(0.4827586206896552,)","(0.5384615384615384,)","(0.4375,)",0.9463014378297947,"(0.4145454545454546,)","(0.5022026431718062,)","(0.35294117647058826,)"
298,"['V2', 'V4', 'V5', 'V28', 'V27', 'V17', 'V26']",7,3,-43.28167883380324,0.9701220361089129,"(0.4831460674157303,)","(0.524390243902439,)","(0.4479166666666667,)",0.9488913712772419,"(0.4222972972972973,)","(0.4646840148698885,)","(0.38699690402476783,)"
299,"['V15', 'V16', 'V12', 'V17', 'V20', 'V6', 'V28']",7,3,-26.012995731423338,0.9701839517570856,"(0.5361702127659574,)","(0.45323741007194246,)","(0.65625,)",0.9565233780130289,"(0.4721141374837873,)","(0.40625,)","(0.5634674922600619,)"
